,count,mean,std,min,25%,50%,75%,max,skew,kurt
Unnamed: 0,29495.0,14747.0,8514.617431217917,0.0,7373.5,14747.0,22120.5,29494.0,0.0,-1.1999999999999995
E_MAGIC,29495.0,23117.0,0.0,23117.0,23117.0,23117.0,23117.0,23117.0,0.0,0.0
E_CBLP,29495.0,250.45173758264113,1512.0897017002483,0.0,144.0,144.0,144.0,64110.0,30.086140270100717,1114.138082220871
E_CP,29495.0,758.0724529581285,6605.353116751698,0.0,3.0,3.0,3.0,62388.0,8.680466933433813,73.59248769061402
E_CRLC,29495.0,405.9818274283777,3652.3215400528384,0.0,0.0,0.0,0.0,63030.0,9.830026584189902,107.72448610793926
E_CPARHDR,29495.0,43.34524495677233,1292.256557533864,0.0,4.0,4.0,4.0,64913.0,42.47591078404118,1862.1719904196761
E_MINALLOC,29495.0,355.7372775046618,3121.57382163694,0.0,0.0,0.0,0.0,57879.0,8.965019067789617,82.64627120289666
E_MAXALLOC,29495.0,64786.21708764198,6433.890856864552,0.0,65535.0,65535.0,65535.0,65535.0,-8.523831602725993,71.01010395769062
E_SS,29495.0,198.69977962366502,1789.3614003929256,0.0,0.0,0.0,0.0,59756.0,10.492232699874947,148.3981777854792
E_SP,29495.0,377.97494490591623,2315.756181515015,0.0,184.0,184.0,184.0,64539.0,19.56420956265475,450.1612444506968
E_CSUM,29495.0,502.5471774877098,4646.662892501809,0.0,0.0,0.0,0.0,58863.0,9.907184997163796,101.90881277138129
E_IP,29495.0,387.605458552297,3834.8371385258056,0.0,0.0,0.0,0.0,64830.0,11.40378541210441,138.81589689260394
E_CS,29495.0,284.6106119681302,3076.798530269122,0.0,0.0,0.0,0.0,64421.0,12.468041881606014,171.57081038654837
E_LFARLC,29495.0,439.94812680115274,3713.466172257209,0.0,64.0,64.0,64.0,65339.0,11.883953055685485,156.85718773278538
E_OVNO,29495.0,504.226275639939,4693.015659841391,0.0,0.0,0.0,0.0,64381.0,9.67292699686868,94.82391312644349
E_OEMID,29495.0,396.52693676894387,4056.8173819937433,0.0,0.0,0.0,0.0,64421.0,11.053676204274971,124.77483277811226
E_OEMINFO,29495.0,483.28062383454824,4725.603006468405,0.0,0.0,0.0,0.0,64963.0,10.785596366400226,122.07712131533111
E_LFANEW,29495.0,174.32839464315987,53.047494993441624,64.0,128.0,128.0,224.0,512.0,0.28909039885489823,-0.8126898371902631
MACHINE,29495.0,1043.590167825055,4872.344867177517,332.0,332.0,332.0,332.0,34404.0,6.701297744533525,42.91030112241995
NUMBEROFSECTIONS,29495.0,4.131073063231056,2.091788019530876,2.0,3.0,3.0,5.0,49.0,3.215000920408027,20.21162217939257
TIMEDATESTAMP,29495.0,1662601891.979183,644297432.5616974,0.0,1509546777.0,1609348766.0,1645113404.0,4294967295.0,1.9119376988229768,5.956422225833611
POINTERTOSYMBOLTABLE,29495.0,1185683.3735548398,47462578.608058624,0.0,0.0,0.0,0.0,3501856883.0,46.48918244876473,2499.405934543836
NUMBEROFSYMBOLS,29495.0,778480.275029666,44461611.04532263,0.0,0.0,0.0,0.0,3476264331.0,70.26785140349098,5197.415702082119
SIZEOFOPTIONALHEADER,29495.0,224.33415833192066,2.2880229477236513,224.0,224.0,224.0,224.0,240.0,6.701297744533532,42.91030112242001
CHARACTERISTICS,29495.0,1172.4145787421596,5380.638887834219,2.0,258.0,259.0,271.0,49583.0,5.85099618476474,32.47820274355564
MAGIC,29495.0,272.34653331073065,36.60836716357842,267.0,267.0,267.0,267.0,523.0,6.7012977445335284,42.91030112241998
MAJORLINKERVERSION,29495.0,20.195490761145958,23.08123550791316,0.0,6.0,9.0,48.0,252.0,1.9558340629694728,6.090823010963447
MINORLINKERVERSION,29495.0,3.4482793693846414,10.023196210268768,0.0,0.0,0.0,0.0,255.0,5.148415171141302,73.54472260641583
SIZEOFCODE,29495.0,1394011.8144431259,66157127.03564998,0.0,64512.0,204800.0,559104.0,4294967295.0,64.88146052809266,4208.353071769775
SIZEOFINITIALIZEDDATA,29495.0,1967157.8558060688,56230815.45287315,0.0,7168.0,56320.0,278528.0,4294967295.0,75.45207140538278,5757.646450854792
SIZEOFUNINITIALIZEDDATA,29495.0,237823.73768435328,25138409.281161163,0.0,0.0,0.0,0.0,4294967295.0,169.11037590606455,28887.042427941647
ADDRESSOFENTRYPOINT,29495.0,491544.7470757756,12093389.635325149,4096.0,13613.0,54882.0,504250.5,2025880815.0,159.570000303198,26679.433389073514
BASEOFCODE,29495.0,99597.02783522631,2558822.168146927,0.0,4096.0,4096.0,8192.0,80965632.0,29.857479638599287,891.1852321336646
IMAGEBASE,29495.0,60921674.565044925,545063478.4161565,0.0,4194304.0,4194304.0,4194304.0,6442450944.0,9.87559369063074,96.30683557171652
SECTIONALIGNMENT,29495.0,5766.756941854552,2012.9900791294274,4096.0,4096.0,4096.0,8192.0,8192.0,0.3748340778504331,-1.8596255163590818
FILEALIGNMENT,29495.0,1195.9222919138838,1412.0342509199654,512.0,512.0,512.0,512.0,8192.0,1.6403354143442512,0.9230448452714479
MAJOROPERATINGSYSTEMVERSION,29495.0,4.3285641634175285,0.764651085602081,1.0,4.0,4.0,5.0,10.0,2.8589642419066816,19.68979160626729
MINOROPERATINGSYSTEMVERSION,29495.0,0.08821834209187998,0.33279099018808656,0.0,0.0,0.0,0.0,3.0,4.720691559722992,28.2063304123927
MAJORIMAGEVERSION,29495.0,15.186404475334802,634.0720460402601,0.0,0.0,0.0,0.0,37155.0,54.54569514312534,3026.739359364024
MINORIMAGEVERSION,29495.0,0.42671639260891675,26.34007975631855,0.0,0.0,0.0,0.0,4518.0,171.06643146876516,29340.182902037486
MAJORSUBSYSTEMVERSION,29495.0,4.4044075266994405,0.7382410846155505,3.0,4.0,4.0,5.0,10.0,2.8092057745516423,13.882901176578452
MINORSUBSYSTEMVERSION,29495.0,0.09883031022207153,0.3536569287060024,0.0,0.0,0.0,0.0,10.0,5.472357440048406,73.71473808008012
RESERVED1,29495.0,0.6954399050686557,21.46848420245079,0.0,0.0,0.0,0.0,960.0,31.583607562447888,1015.8575961701861
SIZEOFIMAGE,29495.0,1879651.417799627,6630044.162832644,24576.0,245760.0,499712.0,950272.0,122593280.0,6.673937520750464,50.47917911268383
SIZEOFHEADERS,29495.0,1461.3741990167825,1369.9322291642993,512.0,512.0,1024.0,1024.0,8192.0,1.5178448386871115,1.0125997138056673
CHECKSUM,29495.0,1114679.311137481,42240464.84676077,0.0,0.0,0.0,337888.5,3885444380.0,65.5669197694496,4783.671954219739
SUBSYSTEM,29495.0,2.078555687404645,0.26904859337774534,2.0,2.0,2.0,2.0,3.0,3.133061478458636,7.816604252311322
DLLCHARACTERISTICS,29495.0,23593.808713341245,15650.378452450117,0.0,0.0,33024.0,34112.0,50496.0,-0.8082851553596111,-1.2483562613433274
SIZEOFSTACKRESERVE,29495.0,1088210.6027462282,535745.9986844187,0.0,1048576.0,1048576.0,1048576.0,67108864.0,69.15587015701242,7925.432552189177
SIZEOFHEAPRESERVE,29495.0,1064800.9483980336,229531.91018915456,885.0,1048576.0,1048576.0,1048576.0,4194304.0,13.14157144888367,176.9035589853947
SIZEOFHEAPCOMMIT,29495.0,4095.591354466859,166.7613355640506,0.0,4096.0,4096.0,4096.0,16384.0,10.640334961722589,1487.982419514818
LOADERFLAGS,29495.0,0.0,0.0,0.0,0.0,0.0,0.0,0.0,0.0,0.0
NUMBEROFRVAANDSIZES,29495.0,15.991388370910324,0.10149299903789716,14.0,16.0,16.0,16.0,16.0,-13.04236541835942,190.0437038712575
TYPE_y,29495.0,3.145821325648415,1.8065361923077148,0.0,2.0,3.0,5.0,6.0,0.005952968252006775,-1.1013982919409528
TEXT_MISC_VIRTUALSIZE,29495.0,333743.96772334294,676466.073623291,0.0,30708.0,149858.0,489992.0,33798180.0,17.13251854401374,577.8550988870402
TEXT_VIRTUALADDRESS,29495.0,9869.006136633328,87717.23995063067,0.0,4096.0,4096.0,8192.0,8036352.0,49.77955388851087,3413.345188945081
TEXT_SIZEOFRAWDATA,29495.0,332805.60037294455,675220.9748477269,0.0,30208.0,149504.0,487424.0,33798656.0,17.21571437866778,582.1961625988378
TEXT_POINTERTORAWDATA,29495.0,4490.029089676216,60145.60902882488,0.0,512.0,1024.0,1024.0,8022528.0,85.62789703347984,10799.887918217322
TEXT_POINTERTORELOCATIONS,29495.0,207310.307882692,26871003.66111078,0.0,0.0,0.0,0.0,4261479159.0,144.90246221686056,22081.500087899636
TEXT_POINTERTOLINENUMBERS,29495.0,50628.68916765553,8623234.925248878,0.0,0.0,0.0,0.0,1480938591.0,171.73222209379222,29492.964980431218
TEXT_NUMBEROFRELOCATIONS,29495.0,1.8539074419393118,228.5428994798654,0.0,0.0,0.0,0.0,34048.0,133.14759969272484,18494.039854588988
TEXT_NUMBEROFLINENUMBERS,29495.0,1.9500593320901847,214.8689305948231,0.0,0.0,0.0,0.0,30144.0,123.0469939164614,15852.201059445364
TEXT_CHARACTERISTICS,29495.0,1463035692.7490084,493525230.3905282,0.0,1610612768.0,1610612768.0,1610612768.0,3763339296.0,-2.145602481753758,6.003230525604502
DATA_MISC_VIRTUALSIZE,29495.0,1112675.3786065434,6092339.23498249,0.0,0.0,200.0,20380.0,122452128.0,6.737199647213256,48.63189312459267
DATA_VIRTUALADDRESS,29495.0,135464.0729615189,393947.6108951072,0.0,0.0,8192.0,135168.0,15421440.0,10.51634138957179,216.20389173330977
DATA_SIZEOFRAWDATA,29495.0,29348.101542634344,188501.8497435182,0.0,0.0,512.0,5632.0,5903872.0,22.44026027529599,623.7161901473788
DATA_POINTERTORAWDATA,29495.0,125169.58345482284,346252.6065139889,0.0,0.0,1536.0,130048.0,7954432.0,8.214833529083371,95.06438562158932
DATA_POINTERTORELOCATIONS,29495.0,180613.8409899983,19000705.402629588,0.0,0.0,0.0,0.0,2550158163.0,114.37975653347561,13813.884407170777
DATA_POINTERTOLINENUMBERS,29495.0,107030.43488726903,12387896.841246683,0.0,0.0,0.0,0.0,1852795252.0,132.05367841957144,18455.10018220575
DATA_NUMBEROFRELOCATIONS,29495.0,2.652890320393287,266.5891377560912,0.0,0.0,0.0,0.0,32602.0,109.21177508519669,12324.822145251586
DATA_NUMBEROFLINENUMBERS,29495.0,1.1823359891507035,175.05298710524303,0.0,0.0,0.0,0.0,29806.0,167.72069772137934,28503.4615645124
DATA_CHARACTERISTICS,29495.0,1631311043.5563993,1612270039.1197064,0.0,0.0,3221225536.0,3221225536.0,3758096448.0,-0.021489928196614196,-1.99646666092631
RDATA_MISC_VIRTUALSIZE,29495.0,14170.470791659603,157016.33969820326,0.0,0.0,0.0,4096.0,7607018.0,26.14630095649793,789.4145761048329
RDATA_VIRTUALADDRESS,29495.0,66835.97138498051,305027.1452809564,0.0,0.0,0.0,28672.0,31875072.0,44.32559736841946,4117.529787419955
RDATA_SIZEOFRAWDATA,29495.0,14213.092524156637,156051.52939354934,0.0,0.0,0.0,4096.0,7607296.0,26.359800177201777,803.4044920271199
RDATA_POINTERTORAWDATA,29495.0,60991.620274622815,221188.6517565868,0.0,0.0,0.0,24576.0,7904256.0,10.301324917606376,196.34021622024477
RDATA_POINTERTORELOCATIONS,29495.0,329315.93286997796,34165237.85548414,0.0,0.0,0.0,0.0,4261479173.0,110.01481119328558,12538.628890497854
RDATA_POINTERTOLINENUMBERS,29495.0,46017.98101373114,7815468.641930095,0.0,0.0,0.0,0.0,1342194289.0,171.72453452778635,29491.19552708916
RDATA_NUMBEROFRELOCATIONS,29495.0,3.069808442108832,399.5811081890357,0.0,0.0,0.0,0.0,64073.0,147.6429209580208,22895.810577291148
RDATA_NUMBEROFLINENUMBERS,29495.0,2.1701644346499407,268.80154273171036,0.0,0.0,0.0,0.0,40960.0,136.7511910782303,19606.204926693015
RDATA_CHARACTERISTICS,29495.0,365208925.27682656,656920685.8892882,0.0,0.0,0.0,1073741888.0,3758096480.0,2.3329226801247254,7.11056790940791
BSS_MISC_VIRTUALSIZE,29495.0,1474.614341413799,51081.947612731215,0.0,0.0,0.0,0.0,7626448.0,126.41262233730393,17808.198665241136
BSS_VIRTUALADDRESS,29495.0,27092.203559925412,191575.68399676768,0.0,0.0,0.0,0.0,6459392.0,12.802792545815954,269.1031386909155
BSS_SIZEOFRAWDATA,29495.0,472.2568570944228,7999.735598978154,0.0,0.0,0.0,0.0,549318.0,23.478661535034856,936.8072240612222
BSS_POINTERTORAWDATA,29495.0,11817.019020172911,95568.3803290275,0.0,0.0,0.0,0.0,2241024.0,9.319202852247335,96.08140587752865
BSS_POINTERTORELOCATIONS,29495.0,0.0,0.0,0.0,0.0,0.0,0.0,0.0,0.0,0.0
BSS_POINTERTOLINENUMBERS,29495.0,0.0,0.0,0.0,0.0,0.0,0.0,0.0,0.0,0.0
BSS_NUMBEROFRELOCATIONS,29495.0,0.0,0.0,0.0,0.0,0.0,0.0,0.0,0.0,0.0
BSS_NUMBEROFLINENUMBERS,29495.0,0.0,0.0,0.0,0.0,0.0,0.0,0.0,0.0,0.0
BSS_CHARACTERISTICS,29495.0,122820764.5423292,611029298.4689298,0.0,0.0,0.0,0.0,3758096448.0,4.85514238937532,21.73989249876378
IDATA_MISC_VIRTUALSIZE,29495.0,717.4905577216477,19794.644426086958,0.0,0.0,0.0,0.0,3170304.0,140.6601513765094,22308.76887096117
IDATA_VIRTUALADDRESS,29495.0,33716.21115443295,301717.90393564187,0.0,0.0,0.0,0.0,31858688.0,50.017749916345934,4488.4668201946715
IDATA_SIZEOFRAWDATA,29495.0,438.6508560773012,3454.783332565895,0.0,0.0,0.0,0.0,299892.0,36.25042454845041,2295.320116897022
IDATA_POINTERTORAWDATA,29495.0,28968.125038142058,212182.7588524572,0.0,0.0,0.0,0.0,13820928.0,21.39301345037061,874.3624352064453
IDATA_POINTERTORELOCATIONS,29495.0,185974.3624343109,19050633.929236494,0.0,0.0,0.0,0.0,2337410133.0,107.49109405164002,11947.331586565122
IDATA_POINTERTOLINENUMBERS,29495.0,244517.42698762502,26497229.187848028,0.0,0.0,0.0,0.0,3897624653.0,124.95986093974594,16976.88216670782
IDATA_NUMBEROFRELOCATIONS,29495.0,4.624444821156128,449.30345641991335,0.0,0.0,0.0,0.0,65444.0,120.5435892876037,16180.424080158185
IDATA_NUMBEROFLINENUMBERS,29495.0,3.846957111374809,426.66166948967606,0.0,0.0,0.0,0.0,65535.0,133.80600534717203,19472.6003241585
IDATA_CHARACTERISTICS,29495.0,165678708.9044245,697997521.6982571,0.0,0.0,0.0,0.0,3758096448.0,4.09800480901337,15.00430934811792
EDATA_MISC_VIRTUALSIZE,29495.0,211.76579081200202,6209.845022939514,0.0,0.0,0.0,0.0,307200.0,35.35227463722978,1391.8152044981648
EDATA_VIRTUALADDRESS,29495.0,4068.3646719783014,120840.57269871788,0.0,0.0,0.0,0.0,6729728.0,39.19230913329505,1722.1117466108647
EDATA_SIZEOFRAWDATA,29495.0,89.88316663841329,3401.503305363727,0.0,0.0,0.0,0.0,300776.0,48.09067583881974,2950.096923947264
EDATA_POINTERTORAWDATA,29495.0,2810.3844041362945,97851.52521434939,0.0,0.0,0.0,0.0,6305280.0,47.52608509471731,2548.7052614282093
EDATA_POINTERTORELOCATIONS,29495.0,1681.0327174097304,286031.5156787914,0.0,0.0,0.0,0.0,49122604.0,171.73298307642557,29493.140477809586
EDATA_POINTERTOLINENUMBERS,29495.0,60528.10730632311,9532141.290217068,0.0,0.0,0.0,0.0,1634756723.0,171.03030871404437,29329.03157640125
EDATA_NUMBEROFRELOCATIONS,29495.0,5.8686896084082045,447.1404923929838,0.0,0.0,0.0,0.0,38976.0,78.23811126472054,6191.103092643755
EDATA_NUMBEROFLINENUMBERS,29495.0,0.5054416002712324,69.4735155714625,0.0,0.0,0.0,0.0,11832.0,167.6613572867163,28524.714013471123
EDATA_CHARACTERISTICS,29495.0,7464460.600372945,142594442.12898993,0.0,0.0,0.0,0.0,3758096448.0,22.194051513897556,526.9668919885514
RSRC_MISC_VIRTUALSIZE,29495.0,96701.76850313612,414451.82187569735,0.0,1516.0,8164.0,76433.0,25255944.0,26.852144396989537,1176.9609521586601
RSRC_VIRTUALADDRESS,29495.0,1622663.5554500762,6616417.889652111,0.0,77824.0,299008.0,720896.0,122560512.0,6.792029052660065,51.734311473126695
RSRC_SIZEOFRAWDATA,29495.0,91633.3613154772,395342.09007347334,0.0,1536.0,8192.0,71680.0,25256448.0,30.172014302108355,1416.746805601427
RSRC_POINTERTORAWDATA,29495.0,398400.5229360909,792198.216162298,0.0,36352.0,218624.0,522240.0,33800192.0,12.860650585453067,345.0241042140827
RSRC_POINTERTORELOCATIONS,29495.0,144490.63865061876,24813393.945294194,0.0,0.0,0.0,0.0,4261479183.0,171.74108359907456,29494.99986384802
RSRC_POINTERTOLINENUMBERS,29495.0,79060.87526699441,13289061.713415898,0.0,0.0,0.0,0.0,2281728046.0,171.61842450219518,29466.503935378216
RSRC_NUMBEROFRELOCATIONS,29495.0,3.8224444821156127,396.2493777595714,0.0,0.0,0.0,0.0,49424.0,109.93890505510623,12522.431493271913
RSRC_NUMBEROFLINENUMBERS,29495.0,2.098762502119003,347.3947681687237,0.0,0.0,0.0,0.0,59648.0,171.620952557659,29467.263996274192
RSRC_CHARACTERISTICS,29495.0,1111085550.1680963,655227445.8250258,0.0,1073741888.0,1073741888.0,1073741888.0,4026531904.0,2.1243341354924317,7.1143850977263305
RELOC_MISC_VIRTUALSIZE,29495.0,2531.2340396677405,17048.023686598346,0.0,0.0,12.0,12.0,1896448.0,53.6133133956621,5326.334564148402
RELOC_VIRTUALADDRESS,29495.0,629382.9305305984,3450911.896138216,0.0,0.0,36864.0,598016.0,122585088.0,12.787965891309849,198.88364607746044
RELOC_SIZEOFRAWDATA,29495.0,2256.19955924733,12199.385473915801,0.0,0.0,512.0,512.0,1241088.0,42.44876651146965,3746.3124538636976
RELOC_POINTERTORAWDATA,29495.0,313758.42576707917,744996.683017162,0.0,0.0,20480.0,503808.0,34174976.0,15.463521510545919,459.3725143044047
RELOC_POINTERTORELOCATIONS,29495.0,123822.99254110866,15072162.130022822,0.0,0.0,0.0,0.0,1952794463.0,122.30440218280745,15026.833763966588
RELOC_POINTERTOLINENUMBERS,29495.0,116563.92751313782,13878541.108039115,0.0,0.0,0.0,0.0,1701017669.0,121.35811301203026,14735.267678789372
RELOC_NUMBEROFRELOCATIONS,29495.0,4.060857772503814,341.825287960079,0.0,0.0,0.0,0.0,36140.0,90.03931489781836,8330.284686104567
RELOC_NUMBEROFLINENUMBERS,29495.0,1.2997118155619596,152.83733926387455,0.0,0.0,0.0,0.0,19524.0,121.77225130965861,14884.35806538038
RELOC_CHARACTERISTICS,29495.0,598071521.5080522,617194692.8601933,0.0,0.0,1107296320.0,1107296320.0,3791650880.0,0.7012133164526428,1.3149114699413098
TLS_MISC_VIRTUALSIZE,29495.0,244.6712663163248,9715.570722245868,0.0,0.0,0.0,0.0,1425408.0,112.76992784782223,15840.433298290769
TLS_VIRTUALADDRESS,29495.0,28820.73083573487,401018.20778976276,0.0,0.0,0.0,0.0,49324032.0,82.80926414124694,9136.232021722684
TLS_SIZEOFRAWDATA,29495.0,88.97447024919478,3121.743623167793,0.0,0.0,0.0,0.0,300056.0,52.096746510247776,3600.7852675194986
TLS_POINTERTORAWDATA,29495.0,21479.40247499576,167490.33114222728,0.0,0.0,0.0,0.0,7728640.0,17.0780460372378,491.87983086606937
TLS_POINTERTORELOCATIONS,29495.0,171588.9581624004,20434263.573508255,0.0,0.0,0.0,0.0,3190845271.0,139.88018370668408,20860.55348967128
TLS_POINTERTOLINENUMBERS,29495.0,95790.5899983048,12141150.223423181,0.0,0.0,0.0,0.0,1834944256.0,135.43536541119735,19187.542499875104
TLS_NUMBEROFRELOCATIONS,29495.0,3.868723512459739,400.7824263298135,0.0,0.0,0.0,0.0,54277.0,112.6081646694988,13543.077470852239
TLS_NUMBEROFLINENUMBERS,29495.0,1.577487709781319,194.59152139045412,0.0,0.0,0.0,0.0,28771.0,132.1249636074944,18167.734387446857
TLS_CHARACTERISTICS,29495.0,126876560.29347347,627061762.9531626,0.0,0.0,0.0,0.0,3758096448.0,4.750198171730385,20.600447168111877
PDATA_MISC_VIRTUALSIZE,29495.0,366.35826411256147,20201.24207494572,0.0,0.0,0.0,0.0,3284992.0,147.01577616055062,23715.42027409884
PDATA_VIRTUALADDRESS,29495.0,4222.511476521444,90872.54645481182,0.0,0.0,0.0,0.0,7737344.0,57.883569755950155,4049.5778705794664
PDATA_SIZEOFRAWDATA,29495.0,126.85580606882523,3551.5752489695055,0.0,0.0,0.0,0.0,509025.0,106.66152550476093,14491.975885396647
PDATA_POINTERTORAWDATA,29495.0,3735.890150873029,88158.92358436523,0.0,0.0,0.0,0.0,7721984.0,61.91612283739719,4516.105202276115
PDATA_POINTERTORELOCATIONS,29495.0,0.0,0.0,0.0,0.0,0.0,0.0,0.0,0.0,0.0
PDATA_POINTERTOLINENUMBERS,29495.0,0.0,0.0,0.0,0.0,0.0,0.0,0.0,0.0,0.0
PDATA_NUMBEROFRELOCATIONS,29495.0,0.0,0.0,0.0,0.0,0.0,0.0,0.0,0.0,0.0
PDATA_NUMBEROFLINENUMBERS,29495.0,0.0,0.0,0.0,0.0,0.0,0.0,0.0,0.0,0.0
PDATA_CHARACTERISTICS,29495.0,24168051.670859467,170108165.93710876,0.0,0.0,0.0,0.0,3758096448.0,8.309879415788213,92.43565617587156
TYPE,29495.0,3.145821325648415,1.8065361923077148,0.0,2.0,3.0,5.0,6.0,0.005952968252006775,-1.1013982919409528
ADVAPI32.DLL,29495.0,0.22461434141379896,0.4173351699386579,0.0,0.0,0.0,0.0,1.0,1.3198232647015804,-0.25808405474078056
KERNEL32.DLL,29495.0,0.49493134429564334,0.499982783862152,0.0,0.0,0.0,1.0,1.0,0.020276695867150366,-1.9997244577252542
VSPMSG.DLL,29495.0,6.780810306831667e-05,0.008234427971689886,0.0,0.0,0.0,0.0,1.0,121.43310874009298,14744.999728742292
OLE32.DLL,29495.0,0.10510255975589083,0.30669072479720877,0.0,0.0,0.0,0.0,1.0,2.575390694109901,4.6329513743548105
OLEAUT32.DLL,29495.0,0.10584844888964232,0.30764876677789105,0.0,0.0,0.0,0.0,1.0,2.5625214345575253,4.566825765761601
PSAPI.DLL,29495.0,0.009662654687235124,0.09782439491382983,0.0,0.0,0.0,0.0,1.0,10.025527821453096,98.51788840527846
SETUPAPI.DLL,29495.0,0.0020342430920494998,0.045057449752603056,0.0,0.0,0.0,0.0,1.0,22.105091524063464,486.66807132144044
SHLWAPI.DLL,29495.0,0.04549923715884048,0.20839992573822827,0.0,0.0,0.0,0.0,1.0,4.362108884209275,17.02914862736733
PDH.DLL,29495.0,0.0011866418036955415,0.03442780664683203,0.0,0.0,0.0,0.0,1.0,28.97931832805158,837.8577042956483
XMLLITE.DLL,29495.0,0.00013561620613663334,0.01164484486167274,0.0,0.0,0.0,0.0,1.0,85.85743938819861,7369.999643990221
MSVCR110.DLL,29495.0,0.0011866418036955415,0.03442780664683203,0.0,0.0,0.0,0.0,1.0,28.97931832805158,837.8577042956484
USER32.DLL,29495.0,0.37836921512120697,0.48498858427273017,0.0,0.0,0.0,1.0,1.0,0.5016160665855023,-1.748499888802331
MSVCRT.DLL,29495.0,0.06984234616036616,0.2548854555952197,0.0,0.0,0.0,0.0,1.0,3.375530573037544,9.394843691443887
SHELL32.DLL,29495.0,0.11171384980505171,0.3150194122763704,0.0,0.0,0.0,0.0,1.0,2.4653241406406163,4.0780996420287945
NTDLL.DLL,29495.0,0.004814375317850483,0.06921964717224882,0.0,0.0,0.0,0.0,1.0,14.30863128570104,202.75067740440673
API-MS-WIN-CORE-WINRT-L1-1-0.DLL,29495.0,0.0005085607730123749,0.022545939169587664,0.0,0.0,0.0,0.0,1.0,44.31177670918047,1961.6665720090782
DUI70.DLL,29495.0,0.00013561620613663334,0.01164484486167274,0.0,0.0,0.0,0.0,1.0,85.85743938819861,7369.99964399022
WINDOWS.UI.IMMERSIVE.DLL,29495.0,3.3904051534158335e-05,0.005822718569032711,0.0,0.0,0.0,0.0,1.0,171.7410841936197,29494.99999999999
MSVCR100.DLL,29495.0,0.000915409391422275,0.03024239451161479,0.0,0.0,0.0,0.0,1.0,33.00786481646906,1087.5928873484693
ATL100.DLL,29495.0,0.00013561620613663334,0.01164484486167274,0.0,0.0,0.0,0.0,1.0,85.85743938819861,7369.99964399022
MSVCP100.DLL,29495.0,0.0003390405153415833,0.018410243295785875,0.0,0.0,0.0,0.0,1.0,54.284436638427835,2944.999755994338
VERSION.DLL,29495.0,0.059874555009323614,0.23725830055388178,0.0,0.0,0.0,0.0,1.0,3.7103468250297125,11.767471487331282
MSPDBCORE.DLL,29495.0,3.3904051534158335e-05,0.005822718569032711,0.0,0.0,0.0,0.0,1.0,171.7410841936197,29494.99999999999
RPCRT4.DLL,29495.0,0.0027123241227326664,0.05201018297458835,0.0,0.0,0.0,0.0,1.0,19.124001103433425,363.75208353835336
SECUR32.DLL,29495.0,0.0005085607730123749,0.02254593916958766,0.0,0.0,0.0,0.0,1.0,44.3117767091805,1961.6665720090791
USERENV.DLL,29495.0,0.006407865739955925,0.07979361418320473,0.0,0.0,0.0,0.0,1.0,12.372559161004098,151.0904653458187
MPCLIENT.DLL,29495.0,0.00010171215460247499,0.010084902451703303,0.0,0.0,0.0,0.0,1.0,99.14467486281819,9828.332994267537
CABINET.DLL,29495.0,0.002881844380403458,0.053606312886637884,0.0,0.0,0.0,0.0,1.0,18.548258209660432,342.0610771204642
COMCTL32.DLL,29495.0,0.126123071707069,0.3319936435947577,0.0,0.0,0.0,0.0,1.0,2.2524665101949766,3.0738138044355847
GDI32.DLL,29495.0,0.2603153076792677,0.4388140571539412,0.0,0.0,0.0,1.0,1.0,1.0924943815238506,-0.8065107188989926
API-MS-WIN-CORE-COM-L1-1-1.DLL,29495.0,0.0016612985251737583,0.040725849843424124,0.0,0.0,0.0,0.0,1.0,24.474504379130384,597.0418488747919
API-MS-WIN-CORE-SYNCH-L1-2-0.DLL,29495.0,0.00427191049330395,0.0652212043378676,0.0,0.0,0.0,0.0,1.0,15.202470153705043,229.1306356834909
API-MS-WIN-CORE-PROCESSTHREADS-L1-1-2.DLL,29495.0,0.002746228174266825,0.05233334750228469,0.0,0.0,0.0,0.0,1.0,19.004612381255818,359.1996484040213
API-MS-WIN-CORE-ERRORHANDLING-L1-1-1.DLL,29495.0,0.002780132225800983,0.05265450682982652,0.0,0.0,0.0,0.0,1.0,18.887408335383338,354.75824910688516
API-MS-WIN-CORE-LIBRARYLOADER-L1-2-0.DLL,29495.0,0.004644855060179692,0.06799586116007725,0.0,0.0,0.0,0.0,1.0,14.571143827241384,210.3324946770672
API-MS-WIN-CORE-PROFILE-L1-1-0.DLL,29495.0,0.005051703678589591,0.0708967868264234,0.0,0.0,0.0,0.0,1.0,13.963449748837315,192.99101523838945
API-MS-WIN-CORE-SYSINFO-L1-2-1.DLL,29495.0,0.002746228174266825,0.05233334750228469,0.0,0.0,0.0,0.0,1.0,19.004612381255818,359.1996484040213
API-MS-WIN-CORE-STRING-L1-1-0.DLL,29495.0,0.003085268689608408,0.05546038307329773,0.0,0.0,0.0,0.0,1.0,17.920843705095518,319.1782819717547
API-MS-WIN-CORE-REGISTRY-L1-1-0.DLL,29495.0,0.0012544499067638584,0.035396592226044146,0.0,0.0,0.0,0.0,1.0,28.18233846868831,792.2979257786467
API-MS-WIN-CORE-IO-L1-1-1.DLL,29495.0,0.00020342430920494998,0.014261480410337203,0.0,0.0,0.0,0.0,1.0,70.09517299261697,4911.666327637654
API-MS-WIN-CORE-PATH-L1-1-0.DLL,29495.0,0.00013561620613663334,0.01164484486167274,0.0,0.0,0.0,0.0,1.0,85.8574393881986,7369.999643990221
API-MS-WIN-EVENTING-PROVIDER-L1-1-0.DLL,29495.0,0.0006441769791490083,0.02537289581520211,0.0,0.0,0.0,0.0,1.0,39.364027608462486,1547.6316115192672
API-MS-WIN-CORE-STRING-L2-1-0.DLL,29495.0,0.00023732836073910832,0.015403898232083426,0.0,0.0,0.0,0.0,1.0,64.89221810814887,4209.285394649504
API-MS-WIN-EVENTING-CONTROLLER-L1-1-0.DLL,29495.0,0.00010171215460247499,0.010084902451703303,0.0,0.0,0.0,0.0,1.0,99.14467486281819,9828.332994267535
API-MS-WIN-CORE-FILE-L1-2-1.DLL,29495.0,0.0012883539582980166,0.03587112666196024,0.0,0.0,0.0,0.0,1.0,27.807627551018474,771.3164515171263
SQLOS.DLL,29495.0,3.3904051534158335e-05,0.005822718569032711,0.0,0.0,0.0,0.0,1.0,171.74108419361974,29494.999999999996
NETAPI32.DLL,29495.0,0.005153415833192066,0.071603295773297,0.0,0.0,0.0,0.0,1.0,13.822831357295549,189.08348812031542
OPENDS60.DLL,29495.0,3.3904051534158335e-05,0.005822718569032711,0.0,0.0,0.0,0.0,1.0,171.74108419361974,29494.999999999996
SQLMIN.DLL,29495.0,3.3904051534158335e-05,0.005822718569032711,0.0,0.0,0.0,0.0,1.0,171.74108419361974,29494.999999999996
SQLLANG.DLL,29495.0,3.3904051534158335e-05,0.005822718569032711,0.0,0.0,0.0,0.0,1.0,171.74108419361974,29494.999999999996
SQLTSES.DLL,29495.0,3.3904051534158335e-05,0.005822718569032711,0.0,0.0,0.0,0.0,1.0,171.74108419361974,29494.999999999996
SQLDK.DLL,29495.0,3.3904051534158335e-05,0.005822718569032711,0.0,0.0,0.0,0.0,1.0,171.74108419361974,29494.999999999996
API-MS-WIN-CORE-RTLSUPPORT-L1-2-0.DLL,29495.0,0.0012544499067638584,0.035396592226044146,0.0,0.0,0.0,0.0,1.0,28.18233846868831,792.2979257786466
API-MS-WIN-CORE-HEAP-L2-1-0.DLL,29495.0,0.0015595863705712833,0.03946146039549886,0.0,0.0,0.0,0.0,1.0,25.263850309867475,636.3052791288422
API-MS-WIN-CORE-HEAP-L1-2-0.DLL,29495.0,0.0012883539582980166,0.03587112666196024,0.0,0.0,0.0,0.0,1.0,27.80762755101847,771.3164515171262
API-MS-WIN-CORE-UTIL-L1-1-0.DLL,29495.0,0.0022037633497202914,0.046893297294977,0.0,0.0,0.0,0.0,1.0,21.23245846527915,448.84772798827794
API-MS-WIN-CORE-MEMORY-L1-1-2.DLL,29495.0,0.0003390405153415833,0.018410243295785875,0.0,0.0,0.0,0.0,1.0,54.28443663842785,2944.9997559943395
API-MS-WIN-CORE-INTERLOCKED-L1-2-0.DLL,29495.0,6.780810306831667e-05,0.008234427971689884,0.0,0.0,0.0,0.0,1.0,121.43310874009299,14744.999728742294
API-MS-WIN-CORE-DEBUG-L1-1-1.DLL,29495.0,0.0008815053398881167,0.02967756980437507,0.0,0.0,0.0,0.0,1.0,33.638356814507624,1129.6156462698802
API-MS-WIN-CORE-HANDLE-L1-1-0.DLL,29495.0,0.0029835565350059333,0.05454132178157841,0.0,0.0,0.0,0.0,1.0,18.226553052130342,330.2296284022539
WINMM.DLL,29495.0,0.05770469571113748,0.23318813733702726,0.0,0.0,0.0,0.0,1.0,3.7937204060164813,12.393154870752515
MFC100U.DLL,29495.0,3.3904051534158335e-05,0.005822718569032711,0.0,0.0,0.0,0.0,1.0,171.74108419361974,29494.999999999996
CLUSAPI.DLL,29495.0,0.00010171215460247499,0.010084902451703305,0.0,0.0,0.0,0.0,1.0,99.14467486281819,9828.33299426753
RESUTILS.DLL,29495.0,0.0007797931852856416,0.027914360574829,0.0,0.0,0.0,0.0,1.0,35.770409925540605,1277.6088584699708
MPR.DLL,29495.0,0.006441769791490083,0.08000306491628778,0.0,0.0,0.0,0.0,1.0,12.339319755857716,150.2690014886667
CRYPT32.DLL,29495.0,0.00630615358535345,0.07916184987346515,0.0,0.0,0.0,0.0,1.0,12.473870328123615,153.6078568156556
DBGHELP.DLL,29495.0,0.00020342430920494998,0.014261480410337203,0.0,0.0,0.0,0.0,1.0,70.095172992617,4911.666327637656
ODBC32.DLL,29495.0,0.001729106628242075,0.04154726637034047,0.0,0.0,0.0,0.0,1.0,23.987363116758658,573.4324726589335
ODBCBCP.DLL,29495.0,3.3904051534158335e-05,0.005822718569032711,0.0,0.0,0.0,0.0,1.0,171.74108419361974,29494.999999999996
WS2_32.DLL,29495.0,0.01237497880996779,0.11055429929821534,0.0,0.0,0.0,0.0,1.0,8.82205561349566,75.83380738965153
AUTHZ.DLL,29495.0,0.00013561620613663334,0.01164484486167274,0.0,0.0,0.0,0.0,1.0,85.85743938819861,7369.9996439902225
SSPICLI.DLL,29495.0,0.00044075266994405833,0.02098983907154516,0.0,0.0,0.0,0.0,1.0,47.60333055333983,2264.230612949069
WKSCLI.DLL,29495.0,6.780810306831667e-05,0.008234427971689884,0.0,0.0,0.0,0.0,1.0,121.43310874009303,14744.999728742301
NETUTILS.DLL,29495.0,0.00044075266994405833,0.02098983907154516,0.0,0.0,0.0,0.0,1.0,47.60333055333983,2264.230612949069
COMDLG32.DLL,29495.0,0.05143244617731819,0.22088187747222185,0.0,0.0,0.0,0.0,1.0,4.06188119671924,14.499862059806519
MFC110U.DLL,29495.0,0.00020342430920494998,0.014261480410337203,0.0,0.0,0.0,0.0,1.0,70.09517299261698,4911.666327637654
MSVCP110.DLL,29495.0,0.00023732836073910832,0.015403898232083426,0.0,0.0,0.0,0.0,1.0,64.89221810814887,4209.285394649505
SPYXXHK.DLL,29495.0,3.3904051534158335e-05,0.005822718569032711,0.0,0.0,0.0,0.0,1.0,171.74108419361974,29495.0
WTSAPI32.DLL,29495.0,0.004644855060179692,0.06799586116007723,0.0,0.0,0.0,0.0,1.0,14.57114382724139,210.33249467706727
INSTAPI110.DLL,29495.0,6.780810306831667e-05,0.008234427971689884,0.0,0.0,0.0,0.0,1.0,121.433108740093,14744.999728742294
SAMCLI.DLL,29495.0,0.00013561620613663334,0.01164484486167274,0.0,0.0,0.0,0.0,1.0,85.85743938819863,7369.999643990223
NISLOG.DLL,29495.0,3.3904051534158335e-05,0.005822718569032711,0.0,0.0,0.0,0.0,1.0,171.74108419361968,29494.99999999998
WININET.DLL,29495.0,0.008001356162061367,0.08909322970097108,0.0,0.0,0.0,0.0,1.0,11.045328792018394,120.00742559509503
SRVCLI.DLL,29495.0,0.00016952025767079165,0.013019111613205904,0.0,0.0,0.0,0.0,1.0,76.7893216447005,5894.999647393269
MSVCP110_WIN.DLL,29495.0,0.00010171215460247499,0.010084902451703303,0.0,0.0,0.0,0.0,1.0,99.14467486281819,9828.332994267537
API-MS-WIN-SHCORE-SCALING-L1-1-1.DLL,29495.0,3.3904051534158335e-05,0.005822718569032711,0.0,0.0,0.0,0.0,1.0,171.7410841936197,29494.99999999999
ATL110.DLL,29495.0,0.00013561620613663334,0.01164484486167274,0.0,0.0,0.0,0.0,1.0,85.8574393881986,7369.999643990221
GDIPLUS.DLL,29495.0,0.022241057806407866,0.14746908309843137,0.0,0.0,0.0,0.0,1.0,6.479884871856557,39.99161970379437
SQLRESOURCELOADER.DLL,29495.0,3.3904051534158335e-05,0.005822718569032711,0.0,0.0,0.0,0.0,1.0,171.7410841936197,29494.99999999999
API-MS-WIN-CORE-WINRT-STRING-L1-1-0.DLL,29495.0,0.00044075266994405833,0.02098983907154516,0.0,0.0,0.0,0.0,1.0,47.60333055333984,2264.230612949069
SPYXXHK_AMD64.DLL,29495.0,3.3904051534158335e-05,0.005822718569032711,0.0,0.0,0.0,0.0,1.0,171.7410841936197,29494.999999999996
IPHLPAPI.DLL,29495.0,0.005865400915409391,0.0763622661310548,0.0,0.0,0.0,0.0,1.0,12.942730296622317,165.5254914961208
MSVCR120_CLR0400.DLL,29495.0,3.3904051534158335e-05,0.005822718569032711,0.0,0.0,0.0,0.0,1.0,171.7410841936197,29494.999999999996
WEBENGINE4.DLL,29495.0,3.3904051534158335e-05,0.005822718569032711,0.0,0.0,0.0,0.0,1.0,171.7410841936197,29494.999999999996
CRYPTUI.DLL,29495.0,6.780810306831667e-05,0.008234427971689886,0.0,0.0,0.0,0.0,1.0,121.43310874009298,14744.999728742292
DTUPARSE.DLL,29495.0,3.3904051534158335e-05,0.005822718569032711,0.0,0.0,0.0,0.0,1.0,171.74108419361974,29495.0
MSPDB110.DLL,29495.0,6.780810306831667e-05,0.008234427971689886,0.0,0.0,0.0,0.0,1.0,121.43310874009295,14744.999728742292
SQLNCLI11.DLL,29495.0,3.3904051534158335e-05,0.005822718569032711,0.0,0.0,0.0,0.0,1.0,171.74108419361974,29495.0
MFC42U.DLL,29495.0,0.00016952025767079165,0.013019111613205904,0.0,0.0,0.0,0.0,1.0,76.78932164470051,5894.999647393269
ATL.DLL,29495.0,3.3904051534158335e-05,0.005822718569032711,0.0,0.0,0.0,0.0,1.0,171.7410841936197,29494.99999999999
POWRPROF.DLL,29495.0,0.00023732836073910832,0.015403898232083426,0.0,0.0,0.0,0.0,1.0,64.89221810814885,4209.285394649505
FRAMEDYNOS.DLL,29495.0,6.780810306831667e-05,0.008234427971689884,0.0,0.0,0.0,0.0,1.0,121.433108740093,14744.999728742298
WSOCK32.DLL,29495.0,0.00671300220376335,0.08165882611786399,0.0,0.0,0.0,0.0,1.0,12.08247711540791,143.9960173365652
PROPSYS.DLL,29495.0,0.00016952025767079165,0.013019111613205906,0.0,0.0,0.0,0.0,1.0,76.78932164470046,5894.999647393268
API-MS-WIN-CORE-APIQUERY-L1-1-0.DLL,29495.0,0.00044075266994405833,0.02098983907154516,0.0,0.0,0.0,0.0,1.0,47.60333055333983,2264.230612949069
API-MS-WIN-CORE-SHLWAPI-LEGACY-L1-1-0.DLL,29495.0,0.00020342430920494998,0.014261480410337203,0.0,0.0,0.0,0.0,1.0,70.09517299261698,4911.666327637655
IERTUTIL.DLL,29495.0,0.00010171215460247499,0.010084902451703303,0.0,0.0,0.0,0.0,1.0,99.14467486281819,9828.332994267535
UXTHEME.DLL,29495.0,0.005560264451601966,0.07436084577573639,0.0,0.0,0.0,0.0,1.0,13.299291036408562,174.88300055105253
WINDOWSCODECS.DLL,29495.0,0.00013561620613663334,0.01164484486167274,0.0,0.0,0.0,0.0,1.0,85.8574393881986,7369.99964399022
SPP.DLL,29495.0,3.3904051534158335e-05,0.005822718569032711,0.0,0.0,0.0,0.0,1.0,171.74108419361974,29494.999999999996
SRCLIENT.DLL,29495.0,3.3904051534158335e-05,0.005822718569032711,0.0,0.0,0.0,0.0,1.0,171.74108419361974,29494.999999999996
SRCORE.DLL,29495.0,3.3904051534158335e-05,0.005822718569032711,0.0,0.0,0.0,0.0,1.0,171.74108419361974,29494.999999999996
VSSAPI.DLL,29495.0,6.780810306831667e-05,0.008234427971689884,0.0,0.0,0.0,0.0,1.0,121.433108740093,14744.999728742296
LOGONCLI.DLL,29495.0,0.00010171215460247499,0.010084902451703305,0.0,0.0,0.0,0.0,1.0,99.14467486281816,9828.33299426753
API-MS-WIN-CORE-LOCALIZATION-L1-2-1.DLL,29495.0,0.0012205458552297,0.03491557611422063,0.0,0.0,0.0,0.0,1.0,28.572535999127247,814.445039390126
API-MS-WIN-CORE-CONSOLE-L1-1-0.DLL,29495.0,0.0022715714527886083,0.047607649165425314,0.0,0.0,0.0,0.0,1.0,20.91101701438223,435.30014944865246
API-MS-WIN-CORE-PROCESSENVIRONMENT-L1-2-0.DLL,29495.0,0.0012883539582980166,0.03587112666196024,0.0,0.0,0.0,0.0,1.0,27.80762755101847,771.3164515171263
CMPBK32.DLL,29495.0,3.3904051534158335e-05,0.005822718569032711,0.0,0.0,0.0,0.0,1.0,171.74108419361974,29494.999999999996
CMUTIL.DLL,29495.0,0.00010171215460247499,0.010084902451703305,0.0,0.0,0.0,0.0,1.0,99.14467486281816,9828.332994267532
RASAPI32.DLL,29495.0,0.00020342430920494998,0.014261480410337203,0.0,0.0,0.0,0.0,1.0,70.09517299261697,4911.666327637654
WINHTTP.DLL,29495.0,0.026682488557382606,0.16115648884833325,0.0,0.0,0.0,0.0,1.0,5.874409547692813,32.510892031349194
MSCTFMONITOR.DLL,29495.0,3.3904051534158335e-05,0.005822718569032711,0.0,0.0,0.0,0.0,1.0,171.74108419361968,29494.99999999998
SLC.DLL,29495.0,3.3904051534158335e-05,0.005822718569032711,0.0,0.0,0.0,0.0,1.0,171.74108419361974,29495.0
MSVCR90.DLL,29495.0,0.011154432954738091,0.10502564236869319,0.0,0.0,0.0,0.0,1.0,9.309702011009449,84.67629326802984
ONMAIN.DLL,29495.0,3.3904051534158335e-05,0.005822718569032711,0.0,0.0,0.0,0.0,1.0,171.74108419361974,29495.0
NTDSAPI.DLL,29495.0,0.00013561620613663334,0.01164484486167274,0.0,0.0,0.0,0.0,1.0,85.85743938819861,7369.99964399022
BCRYPT.DLL,29495.0,0.002373283607391083,0.04865934039830018,0.0,0.0,0.0,0.0,1.0,20.454879072790746,416.4303152276954
EFSUTIL.DLL,29495.0,3.3904051534158335e-05,0.005822718569032711,0.0,0.0,0.0,0.0,1.0,171.74108419361974,29495.0
FECLIENT.DLL,29495.0,3.3904051534158335e-05,0.005822718569032711,0.0,0.0,0.0,0.0,1.0,171.74108419361974,29495.0
DSROLE.DLL,29495.0,3.3904051534158335e-05,0.005822718569032711,0.0,0.0,0.0,0.0,1.0,171.74108419361974,29495.0
API-MS-WIN-SECURITY-BASE-L1-2-0.DLL,29495.0,0.000915409391422275,0.03024239451161479,0.0,0.0,0.0,0.0,1.0,33.00786481646906,1087.5928873484697
API-MS-WIN-SECURITY-LSAPOLICY-L1-1-0.DLL,29495.0,6.780810306831667e-05,0.008234427971689884,0.0,0.0,0.0,0.0,1.0,121.433108740093,14744.999728742298
SAMLIB.DLL,29495.0,3.3904051534158335e-05,0.005822718569032711,0.0,0.0,0.0,0.0,1.0,171.74108419361968,29494.99999999998
CFGMGR32.DLL,29495.0,3.3904051534158335e-05,0.005822718569032711,0.0,0.0,0.0,0.0,1.0,171.74108419361968,29494.99999999998
SCANSETTING.DLL,29495.0,3.3904051534158335e-05,0.005822718569032711,0.0,0.0,0.0,0.0,1.0,171.74108419361968,29494.99999999998
RTUTILS.DLL,29495.0,0.00020342430920494998,0.014261480410337203,0.0,0.0,0.0,0.0,1.0,70.09517299261698,4911.666327637656
RTINFO.DLL,29495.0,3.3904051534158335e-05,0.005822718569032711,0.0,0.0,0.0,0.0,1.0,171.7410841936197,29494.99999999999
IISEXPRESSHELPER.DLL,29495.0,3.3904051534158335e-05,0.005822718569032711,0.0,0.0,0.0,0.0,1.0,171.7410841936197,29494.99999999999
IISUTIL2.DLL,29495.0,3.3904051534158335e-05,0.005822718569032711,0.0,0.0,0.0,0.0,1.0,171.7410841936197,29494.99999999999
NATIVRD2.DLL,29495.0,3.3904051534158335e-05,0.005822718569032711,0.0,0.0,0.0,0.0,1.0,171.7410841936197,29494.99999999999
API-MS-WIN-CORE-WINRT-ERROR-L1-1-0.DLL,29495.0,3.3904051534158335e-05,0.005822718569032711,0.0,0.0,0.0,0.0,1.0,171.7410841936197,29494.99999999999
MSI.DLL,29495.0,0.000305136463807425,0.017465786501104988,0.0,0.0,0.0,0.0,1.0,57.22373271459699,3272.77750662204
NCRYPT.DLL,29495.0,0.008611629089676217,0.09239999133494979,0.0,0.0,0.0,0.0,1.0,10.63683418544379,111.14977833967059
URLMON.DLL,29495.0,0.0044753348025089,0.06674921152317974,0.0,0.0,0.0,0.0,1.0,14.848363201759103,218.48870507142252
WINTRUST.DLL,29495.0,0.00037294456687574166,0.019308498628078468,0.0,0.0,0.0,0.0,1.0,51.755545173957444,2676.8179661979157
DTEPARSE.DLL,29495.0,3.3904051534158335e-05,0.005822718569032711,0.0,0.0,0.0,0.0,1.0,171.74108419361974,29494.999999999996
DTEPKG.DLL,29495.0,3.3904051534158335e-05,0.005822718569032711,0.0,0.0,0.0,0.0,1.0,171.74108419361974,29494.999999999996
SQLTDIAGN.DLL,29495.0,3.3904051534158335e-05,0.005822718569032711,0.0,0.0,0.0,0.0,1.0,171.74108419361974,29494.999999999996
DATACOLLECTORCONTROLLER.DLL,29495.0,3.3904051534158335e-05,0.005822718569032711,0.0,0.0,0.0,0.0,1.0,171.74108419361974,29494.999999999996
WLDAP32.DLL,29495.0,0.00016952025767079165,0.013019111613205904,0.0,0.0,0.0,0.0,1.0,76.7893216447005,5894.999647393271
WINSTA.DLL,29495.0,3.3904051534158335e-05,0.005822718569032711,0.0,0.0,0.0,0.0,1.0,171.74108419361974,29494.999999999996
MAPI32.DLL,29495.0,0.000305136463807425,0.017465786501104988,0.0,0.0,0.0,0.0,1.0,57.22373271459699,3272.7775066220406
API-MS-WIN-CORE-WINRT-ERROR-L1-1-1.DLL,29495.0,0.0002712324122732667,0.016467180661757674,0.0,0.0,0.0,0.0,1.0,60.698023032685924,3682.499703391882
WINSPOOL.DRV,29495.0,0.022647906424817767,0.14878080941538027,0.0,0.0,0.0,0.0,1.0,6.41728548172259,39.18420995628294
API-MS-WIN-CORE-CRT-L1-1-0.DLL,29495.0,6.780810306831667e-05,0.008234427971689884,0.0,0.0,0.0,0.0,1.0,121.43310874009303,14744.999728742294
API-MS-WIN-CORE-CRT-L2-1-0.DLL,29495.0,6.780810306831667e-05,0.008234427971689884,0.0,0.0,0.0,0.0,1.0,121.43310874009303,14744.999728742294
SSPISRV.DLL,29495.0,3.3904051534158335e-05,0.005822718569032711,0.0,0.0,0.0,0.0,1.0,171.74108419361968,29494.99999999998
API-MS-WIN-CORE-HEAP-OBSOLETE-L1-1-0.DLL,29495.0,6.780810306831667e-05,0.008234427971689884,0.0,0.0,0.0,0.0,1.0,121.43310874009303,14744.9997287423
API-MS-WIN-CORE-PROCESSENVIRONMENT-L1-1-0.DLL,29495.0,0.0015595863705712833,0.03946146039549886,0.0,0.0,0.0,0.0,1.0,25.263850309867482,636.3052791288422
API-MS-WIN-CORE-PROCESSTHREADS-L1-1-0.DLL,29495.0,0.0023054755043227667,0.04796079935133204,0.0,0.0,0.0,0.0,1.0,20.755628815097765,428.82520532930687
API-MS-WIN-CORE-SYNCH-L1-1-0.DLL,29495.0,0.0023054755043227667,0.04796079935133204,0.0,0.0,0.0,0.0,1.0,20.755628815097765,428.82520532930675
API-MS-WIN-SECURITY-BASE-L1-1-0.DLL,29495.0,3.3904051534158335e-05,0.005822718569032711,0.0,0.0,0.0,0.0,1.0,171.74108419361968,29494.99999999998
API-MS-WIN-CORE-THREADPOOL-L1-2-0.DLL,29495.0,0.00061027292761485,0.024696582220371386,0.0,0.0,0.0,0.0,1.0,40.44475365719478,1633.8888892930354
API-MS-WIN-CORE-SYSINFO-L1-1-0.DLL,29495.0,0.002339379555856925,0.04831134432751663,0.0,0.0,0.0,0.0,1.0,20.60362323106311,422.537941739375
API-MS-WIN-CORE-WINDOWSERRORREPORTING-L1-1-0.DLL,29495.0,3.3904051534158335e-05,0.005822718569032711,0.0,0.0,0.0,0.0,1.0,171.74108419361968,29494.99999999998
API-MS-WIN-SERVICE-WINSVC-L1-2-0.DLL,29495.0,0.00013561620613663334,0.01164484486167274,0.0,0.0,0.0,0.0,1.0,85.8574393881986,7369.999643990221
API-MS-WIN-SERVICE-CORE-L1-1-1.DLL,29495.0,0.00016952025767079165,0.013019111613205904,0.0,0.0,0.0,0.0,1.0,76.78932164470051,5894.999647393271
API-MS-WIN-CORE-SIDEBYSIDE-L1-1-0.DLL,29495.0,0.00010171215460247499,0.010084902451703303,0.0,0.0,0.0,0.0,1.0,99.14467486281816,9828.332994267535
API-MS-WIN-CORE-THREADPOOL-PRIVATE-L1-1-0.DLL,29495.0,3.3904051534158335e-05,0.005822718569032711,0.0,0.0,0.0,0.0,1.0,171.7410841936197,29494.99999999999
API-MS-WIN-CORE-DELAYLOAD-L1-1-1.DLL,29495.0,0.0007797931852856416,0.027914360574829,0.0,0.0,0.0,0.0,1.0,35.770409925540605,1277.6088584699708
APPVISVSUBSYSTEMS32.DLL,29495.0,0.0002712324122732667,0.016467180661757674,0.0,0.0,0.0,0.0,1.0,60.69802303268592,3682.499703391881
VCRUNTIME140.DLL,29495.0,0.003288692998813358,0.05725372157570631,0.0,0.0,0.0,0.0,1.0,17.352408775029467,299.1263734831318
API-MS-WIN-CRT-TIME-L1-1-0.DLL,29495.0,0.0009832174944905917,0.03134141160284954,0.0,0.0,0.0,0.0,1.0,31.846084567305276,1012.2417404557859
API-MS-WIN-CRT-RUNTIME-L1-1-0.DLL,29495.0,0.003356501101881675,0.057838987051123905,0.0,0.0,0.0,0.0,1.0,17.174477042495845,292.9825282681385
API-MS-WIN-CRT-FILESYSTEM-L1-1-0.DLL,29495.0,0.0010849296490930667,0.03292095566046948,0.0,0.0,0.0,0.0,1.0,30.311933120986485,916.8754611124702
API-MS-WIN-CRT-STDIO-L1-1-0.DLL,29495.0,0.003288692998813358,0.05725372157570631,0.0,0.0,0.0,0.0,1.0,17.352408775029467,299.1263734831318
API-MS-WIN-CRT-STRING-L1-1-0.DLL,29495.0,0.0008476012883539584,0.029101745207866722,0.0,0.0,0.0,0.0,1.0,34.306275724607296,1175.0002286249735
API-MS-WIN-CRT-CONVERT-L1-1-0.DLL,29495.0,0.000711985082217325,0.026674000117531488,0.0,0.0,0.0,0.0,1.0,37.438844626729306,1399.7620021861137
API-MS-WIN-CRT-HEAP-L1-1-0.DLL,29495.0,0.0033225970503475166,0.0575471083392378,0.0,0.0,0.0,0.0,1.0,17.26276430982212,296.0231043770885
API-MS-WIN-CRT-MATH-L1-1-0.DLL,29495.0,0.0033225970503475166,0.0575471083392378,0.0,0.0,0.0,0.0,1.0,17.262764309822117,296.0231043770885
API-MS-WIN-CRT-LOCALE-L1-1-0.DLL,29495.0,0.003288692998813358,0.05725372157570631,0.0,0.0,0.0,0.0,1.0,17.352408775029467,299.1263734831318
API-MS-WIN-CRT-UTILITY-L1-1-0.DLL,29495.0,0.0012883539582980166,0.03587112666196024,0.0,0.0,0.0,0.0,1.0,27.80762755101847,771.3164515171263
MSIMG32.DLL,29495.0,0.03237836921512121,0.17700585490992382,0.0,0.0,0.0,0.0,1.0,5.284043758991372,25.922876223404394
MSVCP140.DLL,29495.0,0.0023054755043227667,0.04796079935133204,0.0,0.0,0.0,0.0,1.0,20.755628815097765,428.82520532930687
APPVISVSUBSYSTEMS64.DLL,29495.0,3.3904051534158335e-05,0.005822718569032711,0.0,0.0,0.0,0.0,1.0,171.74108419361974,29494.999999999996
BOOST_DATE_TIME-VC120-MT-1_56.DLL,29495.0,3.3904051534158335e-05,0.005822718569032711,0.0,0.0,0.0,0.0,1.0,171.7410841936197,29494.999999999996
BOOST_FILESYSTEM-VC120-MT-1_56.DLL,29495.0,3.3904051534158335e-05,0.005822718569032711,0.0,0.0,0.0,0.0,1.0,171.7410841936197,29494.999999999996
BOOST_IOSTREAMS-VC120-MT-1_56.DLL,29495.0,3.3904051534158335e-05,0.005822718569032711,0.0,0.0,0.0,0.0,1.0,171.7410841936197,29494.999999999996
BOOST_PROGRAM_OPTIONS-VC120-MT-1_56.DLL,29495.0,3.3904051534158335e-05,0.005822718569032711,0.0,0.0,0.0,0.0,1.0,171.7410841936197,29494.999999999996
BOOST_SYSTEM-VC120-MT-1_56.DLL,29495.0,0.00013561620613663334,0.01164484486167274,0.0,0.0,0.0,0.0,1.0,85.85743938819859,7369.99964399022
MSVCP120.DLL,29495.0,0.0008815053398881167,0.02967756980437507,0.0,0.0,0.0,0.0,1.0,33.63835681450763,1129.6156462698796
MSVCR120.DLL,29495.0,0.0010510255975589083,0.032403032890963204,0.0,0.0,0.0,0.0,1.0,30.798525012106232,946.6133309711951
CEFCOMMON.DLL,29495.0,3.3904051534158335e-05,0.005822718569032711,0.0,0.0,0.0,0.0,1.0,171.7410841936197,29494.999999999996
LIBCEF.DLL,29495.0,6.780810306831667e-05,0.008234427971689882,0.0,0.0,0.0,0.0,1.0,121.43310874009306,14744.999728742301
OPENGL32.DLL,29495.0,0.0005085607730123749,0.022545939169587664,0.0,0.0,0.0,0.0,1.0,44.311776709180485,1961.6665720090787
POCOFOUNDATION64.DLL,29495.0,3.3904051534158335e-05,0.005822718569032711,0.0,0.0,0.0,0.0,1.0,171.7410841936197,29494.999999999996
LIBPROTOBUF.DLL,29495.0,3.3904051534158335e-05,0.005822718569032711,0.0,0.0,0.0,0.0,1.0,171.7410841936197,29494.999999999996
CHROME_ELF.DLL,29495.0,3.3904051534158335e-05,0.005822718569032711,0.0,0.0,0.0,0.0,1.0,171.7410841936197,29494.99999999999
SDL.DLL,29495.0,6.780810306831667e-05,0.008234427971689884,0.0,0.0,0.0,0.0,1.0,121.433108740093,14744.999728742298
XINPUT1_3.DLL,29495.0,6.780810306831667e-05,0.008234427971689884,0.0,0.0,0.0,0.0,1.0,121.433108740093,14744.999728742298
DINPUT8.DLL,29495.0,3.3904051534158335e-05,0.005822718569032711,0.0,0.0,0.0,0.0,1.0,171.74108419361968,29494.99999999998
PTHREADVSE2.DLL,29495.0,3.3904051534158335e-05,0.005822718569032711,0.0,0.0,0.0,0.0,1.0,171.74108419361968,29494.99999999998
LZ32.DLL,29495.0,0.00013561620613663334,0.01164484486167274,0.0,0.0,0.0,0.0,1.0,85.8574393881986,7369.99964399022
CRASHREPORT.DLL,29495.0,6.780810306831667e-05,0.008234427971689884,0.0,0.0,0.0,0.0,1.0,121.43310874009299,14744.999728742294
ENGINE.DLL,29495.0,0.0002712324122732667,0.016467180661757674,0.0,0.0,0.0,0.0,1.0,60.6980230326859,3682.499703391882
GAME.DLL,29495.0,3.3904051534158335e-05,0.005822718569032711,0.0,0.0,0.0,0.0,1.0,171.7410841936197,29494.999999999996
WIDGET.DLL,29495.0,3.3904051534158335e-05,0.005822718569032711,0.0,0.0,0.0,0.0,1.0,171.7410841936197,29494.999999999996
MFC140.DLL,29495.0,0.00020342430920494998,0.014261480410337203,0.0,0.0,0.0,0.0,1.0,70.09517299261701,4911.666327637657
CRLUTL.DLL,29495.0,0.00016952025767079165,0.013019111613205904,0.0,0.0,0.0,0.0,1.0,76.7893216447005,5894.999647393269
CRLI18N.DLL,29495.0,6.780810306831667e-05,0.008234427971689884,0.0,0.0,0.0,0.0,1.0,121.43310874009299,14744.999728742294
CRLCTL.DLL,29495.0,0.00010171215460247499,0.010084902451703303,0.0,0.0,0.0,0.0,1.0,99.14467486281816,9828.332994267534
CRLUTILS.DLL,29495.0,0.00016952025767079165,0.013019111613205904,0.0,0.0,0.0,0.0,1.0,76.7893216447005,5894.999647393269
MFC120U.DLL,29495.0,0.00023732836073910832,0.015403898232083428,0.0,0.0,0.0,0.0,1.0,64.89221810814884,4209.285394649502
CRLCOMPONENT.DLL,29495.0,3.3904051534158335e-05,0.005822718569032711,0.0,0.0,0.0,0.0,1.0,171.7410841936197,29494.99999999999
D3DCOMPILER_42.DLL,29495.0,3.3904051534158335e-05,0.005822718569032711,0.0,0.0,0.0,0.0,1.0,171.7410841936197,29494.999999999996
D3DX9_42.DLL,29495.0,3.3904051534158335e-05,0.005822718569032711,0.0,0.0,0.0,0.0,1.0,171.7410841936197,29494.999999999996
D3DX11_42.DLL,29495.0,3.3904051534158335e-05,0.005822718569032711,0.0,0.0,0.0,0.0,1.0,171.7410841936197,29494.999999999996
MSCOREE.DLL,29495.0,0.41942702152907274,0.49347365819044275,0.0,0.0,0.0,1.0,1.0,0.3265764686922908,-1.893476207724714
FREEIMAGE.DLL,29495.0,6.780810306831667e-05,0.008234427971689884,0.0,0.0,0.0,0.0,1.0,121.433108740093,14744.999728742296
API-MS-WIN-SHCORE-OBSOLETE-L1-1-0.DLL,29495.0,0.00013561620613663334,0.01164484486167274,0.0,0.0,0.0,0.0,1.0,85.85743938819859,7369.999643990218
API-MS-WIN-CORE-STRING-OBSOLETE-L1-1-0.DLL,29495.0,0.000305136463807425,0.017465786501104988,0.0,0.0,0.0,0.0,1.0,57.22373271459702,3272.777506622041
API-MS-WIN-CORE-KERNEL32-LEGACY-L1-1-1.DLL,29495.0,0.0002712324122732667,0.016467180661757674,0.0,0.0,0.0,0.0,1.0,60.698023032685924,3682.499703391882
IMM32.DLL,29495.0,0.0022037633497202914,0.046893297294977,0.0,0.0,0.0,0.0,1.0,21.232458465279148,448.84772798827794
NINPUT.DLL,29495.0,6.780810306831667e-05,0.008234427971689882,0.0,0.0,0.0,0.0,1.0,121.43310874009305,14744.999728742301
API-MS-WIN-CORE-REGISTRY-L1-1-1.DLL,29495.0,0.00010171215460247499,0.010084902451703303,0.0,0.0,0.0,0.0,1.0,99.14467486281816,9828.332994267534
MSOCF.DLL,29495.0,0.00010171215460247499,0.010084902451703303,0.0,0.0,0.0,0.0,1.0,99.14467486281816,9828.332994267534
HID.DLL,29495.0,3.3904051534158335e-05,0.005822718569032711,0.0,0.0,0.0,0.0,1.0,171.7410841936197,29494.99999999999
QT5PRINTSUPPORT.DLL,29495.0,6.780810306831667e-05,0.008234427971689884,0.0,0.0,0.0,0.0,1.0,121.433108740093,14744.999728742296
QT5WIDGETS.DLL,29495.0,0.00020342430920494998,0.014261480410337203,0.0,0.0,0.0,0.0,1.0,70.09517299261698,4911.666327637655
QT5GUI.DLL,29495.0,0.0002712324122732667,0.016467180661757674,0.0,0.0,0.0,0.0,1.0,60.69802303268592,3682.499703391882
QT5CORE.DLL,29495.0,0.00061027292761485,0.024696582220371383,0.0,0.0,0.0,0.0,1.0,40.444753657194795,1633.888889293036
HHA.DLL,29495.0,3.3904051534158335e-05,0.005822718569032711,0.0,0.0,0.0,0.0,1.0,171.7410841936197,29494.999999999996
IMAGEHLP.DLL,29495.0,0.011934226140023733,0.10859189744094834,0.0,0.0,0.0,0.0,1.0,8.989600189718544,78.81825608283407
JAIL_CONTAINER.DLL,29495.0,6.780810306831667e-05,0.008234427971689886,0.0,0.0,0.0,0.0,1.0,121.43310874009298,14744.999728742292
LIBMWMS.DLL,29495.0,3.3904051534158335e-05,0.005822718569032711,0.0,0.0,0.0,0.0,1.0,171.74108419361974,29494.999999999996
LIBMWSERVICES.DLL,29495.0,0.00010171215460247499,0.010084902451703303,0.0,0.0,0.0,0.0,1.0,99.14467486281816,9828.332994267535
JAVA_LAUNCHER.DLL,29495.0,0.00013561620613663334,0.01164484486167274,0.0,0.0,0.0,0.0,1.0,85.85743938819859,7369.999643990218
OLEDLG.DLL,29495.0,0.016341752839464315,0.12678818939290853,0.0,0.0,0.0,0.0,1.0,7.629906975544276,56.21929257445519
OLEPRO32.DLL,29495.0,0.0024749957619935583,0.04968856876094103,0.0,0.0,0.0,0.0,1.0,20.027090945056006,399.1114347063088
OLEACC.DLL,29495.0,0.014883878623495508,0.12109023870857612,0.0,0.0,0.0,0.0,1.0,8.013016137142822,62.21264613104388
CDLMSO.DLL,29495.0,3.3904051534158335e-05,0.005822718569032711,0.0,0.0,0.0,0.0,1.0,171.7410841936197,29494.99999999999
DEVOBJ.DLL,29495.0,3.3904051534158335e-05,0.005822718569032711,0.0,0.0,0.0,0.0,1.0,171.7410841936197,29494.99999999999
LIBREADLINE6.DLL,29495.0,3.3904051534158335e-05,0.005822718569032711,0.0,0.0,0.0,0.0,1.0,171.74108419361968,29494.99999999999
SQLITE.DLL,29495.0,3.3904051534158335e-05,0.005822718569032711,0.0,0.0,0.0,0.0,1.0,171.74108419361974,29495.0
AVCODEC-56.DLL,29495.0,0.00010171215460247499,0.010084902451703305,0.0,0.0,0.0,0.0,1.0,99.14467486281816,9828.332994267532
AVDEVICE-56.DLL,29495.0,0.00010171215460247499,0.010084902451703305,0.0,0.0,0.0,0.0,1.0,99.14467486281816,9828.332994267532
AVFILTER-5.DLL,29495.0,0.00010171215460247499,0.010084902451703305,0.0,0.0,0.0,0.0,1.0,99.14467486281816,9828.332994267532
AVFORMAT-56.DLL,29495.0,0.00010171215460247499,0.010084902451703305,0.0,0.0,0.0,0.0,1.0,99.14467486281816,9828.332994267532
AVRESAMPLE-2.DLL,29495.0,0.00010171215460247499,0.010084902451703305,0.0,0.0,0.0,0.0,1.0,99.14467486281816,9828.332994267532
AVUTIL-54.DLL,29495.0,0.00010171215460247499,0.010084902451703305,0.0,0.0,0.0,0.0,1.0,99.14467486281816,9828.332994267532
POSTPROC-53.DLL,29495.0,0.00010171215460247499,0.010084902451703305,0.0,0.0,0.0,0.0,1.0,99.14467486281816,9828.332994267532
SWRESAMPLE-1.DLL,29495.0,0.00010171215460247499,0.010084902451703305,0.0,0.0,0.0,0.0,1.0,99.14467486281816,9828.332994267532
SWSCALE-3.DLL,29495.0,0.00010171215460247499,0.010084902451703305,0.0,0.0,0.0,0.0,1.0,99.14467486281816,9828.332994267532
PGODB110.DLL,29495.0,6.780810306831667e-05,0.008234427971689882,0.0,0.0,0.0,0.0,1.0,121.43310874009306,14744.999728742301
WEVTAPI.DLL,29495.0,3.3904051534158335e-05,0.005822718569032711,0.0,0.0,0.0,0.0,1.0,171.7410841936197,29494.99999999999
STI.DLL,29495.0,6.780810306831667e-05,0.008234427971689884,0.0,0.0,0.0,0.0,1.0,121.43310874009303,14744.999728742294
MSVCP90.DLL,29495.0,0.009832174944905916,0.0986703266689374,0.0,0.0,0.0,0.0,1.0,9.936139490125592,96.73342727285691
LIBZ.DLL,29495.0,6.780810306831667e-05,0.008234427971689884,0.0,0.0,0.0,0.0,1.0,121.43310874009299,14744.999728742294
SYSDM.CPL,29495.0,0.00016952025767079165,0.013019111613205904,0.0,0.0,0.0,0.0,1.0,76.78932164470051,5894.999647393271
CRTDLL.DLL,29495.0,3.3904051534158335e-05,0.005822718569032711,0.0,0.0,0.0,0.0,1.0,171.7410841936197,29494.999999999996
APPWIZ.CPL,29495.0,3.3904051534158335e-05,0.005822718569032711,0.0,0.0,0.0,0.0,1.0,171.7410841936197,29494.999999999996
LIBGIMP-2.0-0.DLL,29495.0,0.005763688760806916,0.07570114229895933,0.0,0.0,0.0,0.0,1.0,13.058450948773663,168.53456918639415
LIBGIMPBASE-2.0-0.DLL,29495.0,0.005763688760806916,0.07570114229895933,0.0,0.0,0.0,0.0,1.0,13.058450948773665,168.53456918639415
LIBGIMPCOLOR-2.0-0.DLL,29495.0,0.001729106628242075,0.041547266370340466,0.0,0.0,0.0,0.0,1.0,23.98736311675867,573.432472658934
LIBEXIF-12.DLL,29495.0,0.00010171215460247499,0.010084902451703303,0.0,0.0,0.0,0.0,1.0,99.14467486281819,9828.332994267537
LIBGLIB-2.0-0.DLL,29495.0,0.006034921173080183,0.07745130263522967,0.0,0.0,0.0,0.0,1.0,12.75636584861185,160.7357688466384
LIBINTL-8.DLL,29495.0,0.006136633327682658,0.07809725888954015,0.0,0.0,0.0,0.0,1.0,12.64825075563422,157.98896010451867
LIBJPEG-8.DLL,29495.0,6.780810306831667e-05,0.008234427971689884,0.0,0.0,0.0,0.0,1.0,121.43310874009299,14744.999728742294
OLMAPI32.DLL,29495.0,3.3904051534158335e-05,0.005822718569032711,0.0,0.0,0.0,0.0,1.0,171.74108419361968,29494.99999999998
SCNPST32.DLL,29495.0,3.3904051534158335e-05,0.005822718569032711,0.0,0.0,0.0,0.0,1.0,171.74108419361968,29494.99999999998
SCNPST64.DLL,29495.0,3.3904051534158335e-05,0.005822718569032711,0.0,0.0,0.0,0.0,1.0,171.74108419361968,29494.99999999998
SFBAPPSDK.DLL,29495.0,3.3904051534158335e-05,0.005822718569032711,0.0,0.0,0.0,0.0,1.0,171.7410841936197,29494.99999999999
SHCORE.DLL,29495.0,3.3904051534158335e-05,0.005822718569032711,0.0,0.0,0.0,0.0,1.0,171.74108419361974,29494.999999999996
FD.DLL,29495.0,3.3904051534158335e-05,0.005822718569032711,0.0,0.0,0.0,0.0,1.0,171.74108419361974,29494.999999999996
OISAPP.DLL,29495.0,3.3904051534158335e-05,0.005822718569032711,0.0,0.0,0.0,0.0,1.0,171.74108419361974,29495.0
NEWDEV.DLL,29495.0,6.780810306831667e-05,0.008234427971689882,0.0,0.0,0.0,0.0,1.0,121.43310874009306,14744.9997287423
COMMONLIB.DLL,29495.0,6.780810306831667e-05,0.008234427971689884,0.0,0.0,0.0,0.0,1.0,121.43310874009303,14744.999728742301
PLUGINKERNEL.DLL,29495.0,6.780810306831667e-05,0.008234427971689884,0.0,0.0,0.0,0.0,1.0,121.43310874009303,14744.999728742301
FILESYSTEM.DLL,29495.0,3.3904051534158335e-05,0.005822718569032711,0.0,0.0,0.0,0.0,1.0,171.7410841936197,29494.99999999999
VERSIONMODULE.DLL,29495.0,6.780810306831667e-05,0.008234427971689884,0.0,0.0,0.0,0.0,1.0,121.43310874009303,14744.999728742301
DIFXAPI.DLL,29495.0,3.3904051534158335e-05,0.005822718569032711,0.0,0.0,0.0,0.0,1.0,171.7410841936197,29494.99999999999
LIBGCC_S_SEH-1.DLL,29495.0,0.000305136463807425,0.017465786501104988,0.0,0.0,0.0,0.0,1.0,57.22373271459699,3272.7775066220406
LIBSTDC++-6.DLL,29495.0,0.0003390405153415833,0.018410243295785875,0.0,0.0,0.0,0.0,1.0,54.284436638427835,2944.999755994338
SQLITE3.DLL,29495.0,3.3904051534158335e-05,0.005822718569032711,0.0,0.0,0.0,0.0,1.0,171.7410841936197,29494.99999999999
FILELOADER.DLL,29495.0,3.3904051534158335e-05,0.005822718569032711,0.0,0.0,0.0,0.0,1.0,171.74108419361968,29494.99999999999
DIBMODULE.DLL,29495.0,3.3904051534158335e-05,0.005822718569032711,0.0,0.0,0.0,0.0,1.0,171.74108419361968,29494.99999999999
GGSPAWN.DLL,29495.0,3.3904051534158335e-05,0.005822718569032711,0.0,0.0,0.0,0.0,1.0,171.74108419361968,29494.99999999999
GGDOWNLOADER.DLL,29495.0,3.3904051534158335e-05,0.005822718569032711,0.0,0.0,0.0,0.0,1.0,171.74108419361968,29494.99999999999
ZIP7MODULE.DLL,29495.0,3.3904051534158335e-05,0.005822718569032711,0.0,0.0,0.0,0.0,1.0,171.74108419361968,29494.99999999999
SSLEAY32.DLL,29495.0,6.780810306831667e-05,0.008234427971689884,0.0,0.0,0.0,0.0,1.0,121.43310874009305,14744.9997287423
LIBEAY32.DLL,29495.0,6.780810306831667e-05,0.008234427971689884,0.0,0.0,0.0,0.0,1.0,121.43310874009305,14744.9997287423
BUGSPLAT.DLL,29495.0,3.3904051534158335e-05,0.005822718569032711,0.0,0.0,0.0,0.0,1.0,171.74108419361968,29494.99999999998
LIBSSL-1_1.DLL,29495.0,3.3904051534158335e-05,0.005822718569032711,0.0,0.0,0.0,0.0,1.0,171.74108419361968,29494.99999999998
LIBCRYPTO-1_1.DLL,29495.0,3.3904051534158335e-05,0.005822718569032711,0.0,0.0,0.0,0.0,1.0,171.74108419361968,29494.99999999998
ZLIB.DLL,29495.0,3.3904051534158335e-05,0.005822718569032711,0.0,0.0,0.0,0.0,1.0,171.74108419361968,29494.99999999998
YAML.DLL,29495.0,3.3904051534158335e-05,0.005822718569032711,0.0,0.0,0.0,0.0,1.0,171.74108419361968,29494.99999999998
LIBCURL-4.DLL,29495.0,3.3904051534158335e-05,0.005822718569032711,0.0,0.0,0.0,0.0,1.0,171.7410841936197,29494.99999999999
LIBDBUS-1-3.DLL,29495.0,0.00016952025767079165,0.013019111613205904,0.0,0.0,0.0,0.0,1.0,76.78932164470051,5894.999647393271
LIBEXPAT-1.DLL,29495.0,3.3904051534158335e-05,0.005822718569032711,0.0,0.0,0.0,0.0,1.0,171.7410841936197,29494.99999999999
LIBFONTCONFIG-1.DLL,29495.0,0.0002712324122732667,0.016467180661757678,0.0,0.0,0.0,0.0,1.0,60.6980230326859,3682.499703391881
LIBFREETYPE-6.DLL,29495.0,3.3904051534158335e-05,0.005822718569032711,0.0,0.0,0.0,0.0,1.0,171.7410841936197,29494.999999999996
LIBGEOS_C-1.DLL,29495.0,3.3904051534158335e-05,0.005822718569032711,0.0,0.0,0.0,0.0,1.0,171.74108419361974,29494.999999999996
LIBGEOTIFF-2.DLL,29495.0,0.00010171215460247499,0.010084902451703305,0.0,0.0,0.0,0.0,1.0,99.14467486281816,9828.332994267532
LIBTIFF-5.DLL,29495.0,0.00016952025767079165,0.013019111613205904,0.0,0.0,0.0,0.0,1.0,76.78932164470051,5894.999647393269
LIBGETTEXTLIB-0-19-5-1.DLL,29495.0,0.00010171215460247499,0.010084902451703305,0.0,0.0,0.0,0.0,1.0,99.14467486281816,9828.332994267532
LIBGIMPUI-2.0-0.DLL,29495.0,0.004916087472452958,0.06994344442427945,0.0,0.0,0.0,0.0,1.0,14.157652359859044,198.45257703085278
LIBGIMPWIDGETS-2.0-0.DLL,29495.0,0.004644855060179692,0.06799586116007725,0.0,0.0,0.0,0.0,1.0,14.571143827241384,210.33249467706713
LIBGOBJECT-2.0-0.DLL,29495.0,0.004949991523987117,0.07018301865549874,0.0,0.0,0.0,0.0,1.0,14.1083580797386,197.05912990734956
LIBGTK-WIN32-2.0-0.DLL,29495.0,0.004712663163248008,0.06848805005212696,0.0,0.0,0.0,0.0,1.0,14.464448125826275,207.23431174572366
LIBGIMPMATH-2.0-0.DLL,29495.0,0.00010171215460247499,0.010084902451703303,0.0,0.0,0.0,0.0,1.0,99.14467486281819,9828.332994267537
LIBGDK_PIXBUF-2.0-0.DLL,29495.0,0.0003390405153415833,0.018410243295785875,0.0,0.0,0.0,0.0,1.0,54.284436638427835,2944.999755994338
LIBCAIRO-2.DLL,29495.0,0.0005763688760806917,0.024001170922241678,0.0,0.0,0.0,0.0,1.0,41.619427652723836,1730.2940860957144
LIBGDK-WIN32-2.0-0.DLL,29495.0,0.0008136972368197999,0.0285142543256222,0.0,0.0,0.0,0.0,1.0,35.0154802039656,1224.166862342673
LIBPANGO-1.0-0.DLL,29495.0,0.00013561620613663334,0.01164484486167274,0.0,0.0,0.0,0.0,1.0,85.85743938819861,7369.99964399022
LIBPANGOCAIRO-1.0-0.DLL,29495.0,0.00010171215460247499,0.010084902451703303,0.0,0.0,0.0,0.0,1.0,99.14467486281819,9828.332994267541
LIBGIMPCONFIG-2.0-0.DLL,29495.0,0.00013561620613663334,0.01164484486167274,0.0,0.0,0.0,0.0,1.0,85.85743938819861,7369.999643990222
LIBGIO-2.0-0.DLL,29495.0,0.0003390405153415833,0.018410243295785875,0.0,0.0,0.0,0.0,1.0,54.28443663842785,2944.9997559943395
LIBLCMS2-2.DLL,29495.0,6.780810306831667e-05,0.008234427971689884,0.0,0.0,0.0,0.0,1.0,121.433108740093,14744.999728742298
LIBPNG16-16.DLL,29495.0,0.00010171215460247499,0.010084902451703303,0.0,0.0,0.0,0.0,1.0,99.14467486281819,9828.332994267535
LIBXPM-NOX4.DLL,29495.0,3.3904051534158335e-05,0.005822718569032711,0.0,0.0,0.0,0.0,1.0,171.7410841936197,29494.99999999999
LIBWMF-0-2-7.DLL,29495.0,3.3904051534158335e-05,0.005822718569032711,0.0,0.0,0.0,0.0,1.0,171.74108419361974,29495.0
LIBWMFLITE-0-2-7.DLL,29495.0,3.3904051534158335e-05,0.005822718569032711,0.0,0.0,0.0,0.0,1.0,171.74108419361974,29495.0
ZLIB1.DLL,29495.0,3.3904051534158335e-05,0.005822718569032711,0.0,0.0,0.0,0.0,1.0,171.7410841936197,29494.99999999999
LIBRSVG-2-2.DLL,29495.0,3.3904051534158335e-05,0.005822718569032711,0.0,0.0,0.0,0.0,1.0,171.7410841936197,29494.99999999999
GSDLL64.DLL,29495.0,3.3904051534158335e-05,0.005822718569032711,0.0,0.0,0.0,0.0,1.0,171.74108419361974,29494.999999999996
LIBWEBKITGTK-1.0-0.DLL,29495.0,6.780810306831667e-05,0.008234427971689884,0.0,0.0,0.0,0.0,1.0,121.43310874009298,14744.999728742294
LIBMNG-1.DLL,29495.0,3.3904051534158335e-05,0.005822718569032711,0.0,0.0,0.0,0.0,1.0,171.7410841936197,29494.99999999999
LIBGTHREAD-2.0-0.DLL,29495.0,3.3904051534158335e-05,0.005822718569032711,0.0,0.0,0.0,0.0,1.0,171.74108419361968,29494.99999999999
LIBGMODULE-2.0-0.DLL,29495.0,3.3904051534158335e-05,0.005822718569032711,0.0,0.0,0.0,0.0,1.0,171.7410841936197,29494.999999999996
LIBGLPK-40.DLL,29495.0,3.3904051534158335e-05,0.005822718569032711,0.0,0.0,0.0,0.0,1.0,171.74108419361974,29494.999999999996
LIBGMP-10.DLL,29495.0,0.00010171215460247499,0.010084902451703303,0.0,0.0,0.0,0.0,1.0,99.14467486281816,9828.332994267535
LIBISL-10.DLL,29495.0,3.3904051534158335e-05,0.005822718569032711,0.0,0.0,0.0,0.0,1.0,171.74108419361974,29494.999999999996
LIBGNUTLS-30.DLL,29495.0,0.000305136463807425,0.017465786501104988,0.0,0.0,0.0,0.0,1.0,57.22373271459699,3272.7775066220406
LIBHOGWEED-4.DLL,29495.0,6.780810306831667e-05,0.008234427971689884,0.0,0.0,0.0,0.0,1.0,121.43310874009303,14744.9997287423
LIBICONV-2.DLL,29495.0,0.000305136463807425,0.017465786501104988,0.0,0.0,0.0,0.0,1.0,57.22373271459699,3272.7775066220406
LIBNETTLE-6.DLL,29495.0,6.780810306831667e-05,0.008234427971689884,0.0,0.0,0.0,0.0,1.0,121.43310874009303,14744.9997287423
LIBPCREPOSIX-0.DLL,29495.0,0.00023732836073910832,0.015403898232083426,0.0,0.0,0.0,0.0,1.0,64.89221810814887,4209.285394649504
LIBGSL-19.DLL,29495.0,6.780810306831667e-05,0.008234427971689884,0.0,0.0,0.0,0.0,1.0,121.43310874009299,14744.999728742294
LIBHDF5_HL-9.DLL,29495.0,6.780810306831667e-05,0.008234427971689884,0.0,0.0,0.0,0.0,1.0,121.433108740093,14744.999728742298
LIBHDF5-9.DLL,29495.0,0.0005424648245465334,0.023284950909597972,0.0,0.0,0.0,0.0,1.0,42.90250872156395,1838.7499367447874
LIBHTTPD.DLL,29495.0,3.3904051534158335e-05,0.005822718569032711,0.0,0.0,0.0,0.0,1.0,171.74108419361968,29494.99999999999
LIBAPRUTIL-1.DLL,29495.0,3.3904051534158335e-05,0.005822718569032711,0.0,0.0,0.0,0.0,1.0,171.74108419361968,29494.99999999999
LIBAPR-1.DLL,29495.0,3.3904051534158335e-05,0.005822718569032711,0.0,0.0,0.0,0.0,1.0,171.74108419361968,29494.99999999999
LIBWINPTHREAD-1.DLL,29495.0,3.3904051534158335e-05,0.005822718569032711,0.0,0.0,0.0,0.0,1.0,171.7410841936197,29494.999999999996
LIBTERMCAP.DLL,29495.0,3.3904051534158335e-05,0.005822718569032711,0.0,0.0,0.0,0.0,1.0,171.7410841936197,29494.999999999996
LIBMWI18N.DLL,29495.0,3.3904051534158335e-05,0.005822718569032711,0.0,0.0,0.0,0.0,1.0,171.74108419361974,29494.999999999996
LIBNETCDF-7.DLL,29495.0,0.00013561620613663334,0.01164484486167274,0.0,0.0,0.0,0.0,1.0,85.8574393881986,7369.999643990221
LIBOCTAVE-4.DLL,29495.0,6.780810306831667e-05,0.008234427971689884,0.0,0.0,0.0,0.0,1.0,121.433108740093,14744.999728742298
LIBOCTINTERP-4.DLL,29495.0,6.780810306831667e-05,0.008234427971689884,0.0,0.0,0.0,0.0,1.0,121.433108740093,14744.999728742298
LIBOCTGUI-2.DLL,29495.0,3.3904051534158335e-05,0.005822718569032711,0.0,0.0,0.0,0.0,1.0,171.74108419361968,29494.99999999998
LIBPQ.DLL,29495.0,3.3904051534158335e-05,0.005822718569032711,0.0,0.0,0.0,0.0,1.0,171.74108419361974,29495.0
LIBPROJ-12.DLL,29495.0,0.00013561620613663334,0.01164484486167274,0.0,0.0,0.0,0.0,1.0,85.8574393881986,7369.999643990221
LIBPSTOEDIT-0.DLL,29495.0,3.3904051534158335e-05,0.005822718569032711,0.0,0.0,0.0,0.0,1.0,171.74108419361974,29495.0
LIBQHULL-5.DLL,29495.0,0.00016952025767079165,0.013019111613205904,0.0,0.0,0.0,0.0,1.0,76.7893216447005,5894.999647393271
LIBSYBDB-5.DLL,29495.0,0.00013561620613663334,0.01164484486167274,0.0,0.0,0.0,0.0,1.0,85.8574393881986,7369.999643990222
LIBUT.DLL,29495.0,3.3904051534158335e-05,0.005822718569032711,0.0,0.0,0.0,0.0,1.0,171.74108419361974,29495.0
UIW.DLL,29495.0,3.3904051534158335e-05,0.005822718569032711,0.0,0.0,0.0,0.0,1.0,171.74108419361974,29495.0
LIBVLC.DLL,29495.0,6.780810306831667e-05,0.008234427971689886,0.0,0.0,0.0,0.0,1.0,121.43310874009298,14744.999728742292
LIBXML2-2.DLL,29495.0,3.3904051534158335e-05,0.005822718569032711,0.0,0.0,0.0,0.0,1.0,171.74108419361968,29494.99999999999
LIBZMQ.DLL,29495.0,3.3904051534158335e-05,0.005822718569032711,0.0,0.0,0.0,0.0,1.0,171.7410841936197,29494.99999999999
MFC90U.DLL,29495.0,3.3904051534158335e-05,0.005822718569032711,0.0,0.0,0.0,0.0,1.0,171.74108419361974,29494.999999999996
MSVCR80.DLL,29495.0,6.780810306831667e-05,0.008234427971689884,0.0,0.0,0.0,0.0,1.0,121.433108740093,14744.999728742298
MSVBVM60.DLL,29495.0,0.10645872181725716,0.30842906414188537,0.0,0.0,0.0,0.0,1.0,2.5520809225608225,4.513423077358729
MSVCP_WIN.DLL,29495.0,3.3904051534158335e-05,0.005822718569032711,0.0,0.0,0.0,0.0,1.0,171.7410841936197,29494.99999999999
API-MS-WIN-CRT-PRIVATE-L1-1-0.DLL,29495.0,3.3904051534158335e-05,0.005822718569032711,0.0,0.0,0.0,0.0,1.0,171.7410841936197,29494.99999999999
EXT-MS-WIN-COM-OLE32-L1-1-1.DLL,29495.0,3.3904051534158335e-05,0.005822718569032711,0.0,0.0,0.0,0.0,1.0,171.7410841936197,29494.99999999999
EXT-MS-WIN-SHELL-SHELL32-L1-2-0.DLL,29495.0,3.3904051534158335e-05,0.005822718569032711,0.0,0.0,0.0,0.0,1.0,171.7410841936197,29494.99999999999
DMCOMMANDLINEUTILS.DLL,29495.0,3.3904051534158335e-05,0.005822718569032711,0.0,0.0,0.0,0.0,1.0,171.74108419361968,29494.99999999999
PPCORE.DLL,29495.0,3.3904051534158335e-05,0.005822718569032711,0.0,0.0,0.0,0.0,1.0,171.74108419361968,29494.99999999999
GLIB-2.0.DLL,29495.0,3.3904051534158335e-05,0.005822718569032711,0.0,0.0,0.0,0.0,1.0,171.74108419361974,29495.0
SIGC-2.0.DLL,29495.0,0.00013561620613663334,0.01164484486167274,0.0,0.0,0.0,0.0,1.0,85.8574393881986,7369.999643990221
VMAPPUTIL.DLL,29495.0,0.00010171215460247499,0.010084902451703303,0.0,0.0,0.0,0.0,1.0,99.14467486281816,9828.332994267535
VMCLIENTCORE.DLL,29495.0,3.3904051534158335e-05,0.005822718569032711,0.0,0.0,0.0,0.0,1.0,171.74108419361974,29495.0
VMDBCOM.DLL,29495.0,0.00010171215460247499,0.010084902451703303,0.0,0.0,0.0,0.0,1.0,99.14467486281816,9828.332994267535
VMWAREBASE.DLL,29495.0,0.00013561620613663334,0.01164484486167274,0.0,0.0,0.0,0.0,1.0,85.8574393881986,7369.999643990221
VMWARECUI.DLL,29495.0,0.00013561620613663334,0.01164484486167274,0.0,0.0,0.0,0.0,1.0,85.8574393881986,7369.999643990221
VMWARESTRING.DLL,29495.0,0.00013561620613663334,0.01164484486167274,0.0,0.0,0.0,0.0,1.0,85.8574393881986,7369.999643990221
VMWAREWUI.DLL,29495.0,0.00013561620613663334,0.01164484486167274,0.0,0.0,0.0,0.0,1.0,85.8574393881986,7369.999643990221
VIXDISKMOUNTAPI.DLL,29495.0,3.3904051534158335e-05,0.005822718569032711,0.0,0.0,0.0,0.0,1.0,171.7410841936197,29494.99999999999
GOBJECT-2.0.DLL,29495.0,3.3904051534158335e-05,0.005822718569032711,0.0,0.0,0.0,0.0,1.0,171.7410841936197,29494.999999999996
GVMOMI.DLL,29495.0,3.3904051534158335e-05,0.005822718569032711,0.0,0.0,0.0,0.0,1.0,171.7410841936197,29494.999999999996
VMAPPCFG.DLL,29495.0,3.3904051534158335e-05,0.005822718569032711,0.0,0.0,0.0,0.0,1.0,171.7410841936197,29494.999999999996
MSVCM90.DLL,29495.0,0.00010171215460247499,0.010084902451703303,0.0,0.0,0.0,0.0,1.0,99.14467486281819,9828.332994267534
WLANAPI.DLL,29495.0,3.3904051534158335e-05,0.005822718569032711,0.0,0.0,0.0,0.0,1.0,171.74108419361974,29494.999999999996
DWMAPI.DLL,29495.0,6.780810306831667e-05,0.008234427971689884,0.0,0.0,0.0,0.0,1.0,121.433108740093,14744.999728742298
WBEMCOMN.DLL,29495.0,0.00010171215460247499,0.010084902451703303,0.0,0.0,0.0,0.0,1.0,99.14467486281819,9828.332994267535
API-MS-WIN-CORE-REGISTRY-L2-2-0.DLL,29495.0,0.00016952025767079165,0.013019111613205906,0.0,0.0,0.0,0.0,1.0,76.78932164470046,5894.999647393267
API-MS-WIN-CORE-SHLWAPI-OBSOLETE-L1-2-0.DLL,29495.0,3.3904051534158335e-05,0.005822718569032711,0.0,0.0,0.0,0.0,1.0,171.74108419361968,29494.99999999998
API-MS-WIN-CORE-LOCALIZATION-OBSOLETE-L1-3-0.DLL,29495.0,6.780810306831667e-05,0.008234427971689884,0.0,0.0,0.0,0.0,1.0,121.433108740093,14744.999728742298
API-MS-WIN-CORE-VERSION-L1-1-0.DLL,29495.0,0.00013561620613663334,0.01164484486167274,0.0,0.0,0.0,0.0,1.0,85.8574393881986,7369.999643990219
MSWSOCK.DLL,29495.0,0.0010510255975589083,0.032403032890963204,0.0,0.0,0.0,0.0,1.0,30.79852501210623,946.6133309711952
API-MS-WIN-CORE-FILE-L2-1-1.DLL,29495.0,6.780810306831667e-05,0.008234427971689884,0.0,0.0,0.0,0.0,1.0,121.43310874009303,14744.9997287423
API-MS-WIN-EVENTING-CLASSICPROVIDER-L1-1-0.DLL,29495.0,0.0002712324122732667,0.016467180661757674,0.0,0.0,0.0,0.0,1.0,60.69802303268592,3682.499703391881
API-MS-WIN-APPMODEL-RUNTIME-L1-1-1.DLL,29495.0,3.3904051534158335e-05,0.005822718569032711,0.0,0.0,0.0,0.0,1.0,171.74108419361974,29494.999999999996
MFCORE.DLL,29495.0,3.3904051534158335e-05,0.005822718569032711,0.0,0.0,0.0,0.0,1.0,171.74108419361974,29494.999999999996
MFPLAT.DLL,29495.0,3.3904051534158335e-05,0.005822718569032711,0.0,0.0,0.0,0.0,1.0,171.74108419361974,29494.999999999996
API-MS-WIN-SECURITY-SDDL-L1-1-0.DLL,29495.0,0.0002712324122732667,0.016467180661757674,0.0,0.0,0.0,0.0,1.0,60.6980230326859,3682.499703391881
API-MS-WIN-CORE-SYNCH-L1-2-1.DLL,29495.0,0.00013561620613663334,0.01164484486167274,0.0,0.0,0.0,0.0,1.0,85.85743938819859,7369.999643990218
API-MS-WIN-SECURITY-PROVIDER-L1-1-0.DLL,29495.0,0.00016952025767079165,0.013019111613205906,0.0,0.0,0.0,0.0,1.0,76.78932164470046,5894.999647393267
API-MS-WIN-SECURITY-TRUSTEE-L1-1-1.DLL,29495.0,3.3904051534158335e-05,0.005822718569032711,0.0,0.0,0.0,0.0,1.0,171.74108419361974,29494.999999999996
COREMESSAGING.DLL,29495.0,3.3904051534158335e-05,0.005822718569032711,0.0,0.0,0.0,0.0,1.0,171.74108419361974,29494.999999999996
COREUICOMPONENTS.DLL,29495.0,3.3904051534158335e-05,0.005822718569032711,0.0,0.0,0.0,0.0,1.0,171.74108419361974,29494.999999999996
API-MS-WIN-SECURITY-LSALOOKUP-L2-1-1.DLL,29495.0,0.00016952025767079165,0.013019111613205906,0.0,0.0,0.0,0.0,1.0,76.78932164470046,5894.999647393267
API-MS-WIN-CORE-TIMEZONE-L1-1-0.DLL,29495.0,0.00047465672147821664,0.02178181599793138,0.0,0.0,0.0,0.0,1.0,45.86938182646202,2102.142731448492
API-MS-WIN-CORE-TIMEZONE-PRIVATE-L1-1-0.DLL,29495.0,3.3904051534158335e-05,0.005822718569032711,0.0,0.0,0.0,0.0,1.0,171.74108419361968,29494.99999999999
SCECLI.DLL,29495.0,3.3904051534158335e-05,0.005822718569032711,0.0,0.0,0.0,0.0,1.0,171.74108419361968,29494.99999999999
API-MS-WIN-CORE-PSAPI-L1-1-0.DLL,29495.0,0.00023732836073910832,0.015403898232083428,0.0,0.0,0.0,0.0,1.0,64.89221810814884,4209.285394649503
NSI.DLL,29495.0,6.780810306831667e-05,0.008234427971689884,0.0,0.0,0.0,0.0,1.0,121.43310874009303,14744.999728742296
SNMPAPI.DLL,29495.0,0.00013561620613663334,0.01164484486167274,0.0,0.0,0.0,0.0,1.0,85.85743938819861,7369.9996439902225
API-MS-WIN-CORE-CONSOLE-L2-1-0.DLL,29495.0,0.00020342430920494998,0.014261480410337203,0.0,0.0,0.0,0.0,1.0,70.095172992617,4911.666327637657
API-MS-WIN-CORE-WOW64-L1-1-0.DLL,29495.0,6.780810306831667e-05,0.008234427971689884,0.0,0.0,0.0,0.0,1.0,121.433108740093,14744.999728742298
API-MS-WIN-CORE-KERNEL32-PRIVATE-L1-1-2.DLL,29495.0,3.3904051534158335e-05,0.005822718569032711,0.0,0.0,0.0,0.0,1.0,171.7410841936197,29494.999999999996
API-MS-WIN-DOWNLEVEL-SHLWAPI-L1-1-1.DLL,29495.0,3.3904051534158335e-05,0.005822718569032711,0.0,0.0,0.0,0.0,1.0,171.7410841936197,29494.999999999996
API-MS-WIN-DOWNLEVEL-SHLWAPI-L2-1-1.DLL,29495.0,3.3904051534158335e-05,0.005822718569032711,0.0,0.0,0.0,0.0,1.0,171.7410841936197,29494.999999999996
LOADPERF.DLL,29495.0,0.0006441769791490083,0.02537289581520211,0.0,0.0,0.0,0.0,1.0,39.36402760846248,1547.6316115192674
API-MS-WIN-BASE-UTIL-L1-1-0.DLL,29495.0,6.780810306831667e-05,0.008234427971689882,0.0,0.0,0.0,0.0,1.0,121.43310874009305,14744.999728742301
API-MS-WIN-CORE-LIBRARYLOADER-L1-2-1.DLL,29495.0,0.0002712324122732667,0.016467180661757678,0.0,0.0,0.0,0.0,1.0,60.6980230326859,3682.4997033918808
API-MS-WIN-CORE-DATETIME-L1-1-1.DLL,29495.0,0.00010171215460247499,0.010084902451703303,0.0,0.0,0.0,0.0,1.0,99.14467486281816,9828.332994267534
API-MS-WIN-SERVICE-MANAGEMENT-L1-1-0.DLL,29495.0,0.00013561620613663334,0.01164484486167274,0.0,0.0,0.0,0.0,1.0,85.8574393881986,7369.999643990221
API-MS-WIN-SERVICE-MANAGEMENT-L2-1-0.DLL,29495.0,6.780810306831667e-05,0.008234427971689884,0.0,0.0,0.0,0.0,1.0,121.433108740093,14744.999728742296
BROWCLI.DLL,29495.0,6.780810306831667e-05,0.008234427971689884,0.0,0.0,0.0,0.0,1.0,121.433108740093,14744.999728742296
CERTCA.DLL,29495.0,3.3904051534158335e-05,0.005822718569032711,0.0,0.0,0.0,0.0,1.0,171.74108419361974,29494.999999999996
CERTENROLL.DLL,29495.0,3.3904051534158335e-05,0.005822718569032711,0.0,0.0,0.0,0.0,1.0,171.74108419361974,29494.999999999996
API-MS-WIN-EVENTING-CONSUMER-L1-1-0.DLL,29495.0,3.3904051534158335e-05,0.005822718569032711,0.0,0.0,0.0,0.0,1.0,171.74108419361968,29494.99999999999
DNSAPI.DLL,29495.0,0.00016952025767079165,0.013019111613205906,0.0,0.0,0.0,0.0,1.0,76.78932164470046,5894.999647393268
MAINTENANCEUI.DLL,29495.0,3.3904051534158335e-05,0.005822718569032711,0.0,0.0,0.0,0.0,1.0,171.7410841936197,29494.99999999999
DMPUSHPROXY.DLL,29495.0,6.780810306831667e-05,0.008234427971689884,0.0,0.0,0.0,0.0,1.0,121.43310874009298,14744.999728742296
DMCMNUTILS.DLL,29495.0,6.780810306831667e-05,0.008234427971689884,0.0,0.0,0.0,0.0,1.0,121.43310874009298,14744.999728742296
DSCLIENT.DLL,29495.0,3.3904051534158335e-05,0.005822718569032711,0.0,0.0,0.0,0.0,1.0,171.74108419361974,29494.999999999996
OMADMAPI.DLL,29495.0,6.780810306831667e-05,0.008234427971689884,0.0,0.0,0.0,0.0,1.0,121.43310874009298,14744.999728742296
DMXMLHELPUTILS.DLL,29495.0,3.3904051534158335e-05,0.005822718569032711,0.0,0.0,0.0,0.0,1.0,171.74108419361974,29494.999999999996
WWAPI.DLL,29495.0,3.3904051534158335e-05,0.005822718569032711,0.0,0.0,0.0,0.0,1.0,171.74108419361974,29494.999999999996
DHCPCSVC.DLL,29495.0,3.3904051534158335e-05,0.005822718569032711,0.0,0.0,0.0,0.0,1.0,171.74108419361968,29494.99999999998
DHCPCSVC6.DLL,29495.0,3.3904051534158335e-05,0.005822718569032711,0.0,0.0,0.0,0.0,1.0,171.74108419361968,29494.99999999998
API-MS-WIN-EVENTING-LEGACY-L1-1-0.DLL,29495.0,3.3904051534158335e-05,0.005822718569032711,0.0,0.0,0.0,0.0,1.0,171.74108419361974,29495.0
API-MS-WIN-CORE-FILE-L2-1-2.DLL,29495.0,3.3904051534158335e-05,0.005822718569032711,0.0,0.0,0.0,0.0,1.0,171.74108419361974,29495.0
WSMSVC.DLL,29495.0,3.3904051534158335e-05,0.005822718569032711,0.0,0.0,0.0,0.0,1.0,171.74108419361968,29494.99999999998
UNATTEND.DLL,29495.0,3.3904051534158335e-05,0.005822718569032711,0.0,0.0,0.0,0.0,1.0,171.7410841936197,29494.99999999999
ACTIONQUEUE.DLL,29495.0,3.3904051534158335e-05,0.005822718569032711,0.0,0.0,0.0,0.0,1.0,171.7410841936197,29494.99999999999
API-MS-WIN-CORE-PRIVATEPROFILE-L1-1-1.DLL,29495.0,3.3904051534158335e-05,0.005822718569032711,0.0,0.0,0.0,0.0,1.0,171.7410841936197,29494.99999999999
NODEWINRTWRAP.DLL,29495.0,3.3904051534158335e-05,0.005822718569032711,0.0,0.0,0.0,0.0,1.0,171.74108419361974,29494.999999999996
API-MS-WIN-DOWNLEVEL-KERNEL32-L2-1-0.DLL,29495.0,3.3904051534158335e-05,0.005822718569032711,0.0,0.0,0.0,0.0,1.0,171.74108419361974,29494.999999999996
API-MS-WIN-POWER-SETTING-L1-1-0.DLL,29495.0,3.3904051534158335e-05,0.005822718569032711,0.0,0.0,0.0,0.0,1.0,171.74108419361974,29494.999999999996
COMBASE.DLL,29495.0,6.780810306831667e-05,0.008234427971689884,0.0,0.0,0.0,0.0,1.0,121.43310874009299,14744.999728742292
API-MS-WIN-CORE-THREADPOOL-LEGACY-L1-1-0.DLL,29495.0,6.780810306831667e-05,0.008234427971689884,0.0,0.0,0.0,0.0,1.0,121.43310874009299,14744.999728742294
MSYS-1.0.DLL,29495.0,0.0024410917104594,0.049347901124435815,0.0,0.0,0.0,0.0,1.0,20.16671987116314,404.7240339264381
MSYS-INTL-8.DLL,29495.0,0.001932530937447025,0.04391880756404805,0.0,0.0,0.0,0.0,1.0,22.682821870182796,512.5451627051445
MSYS-REGEX-1.DLL,29495.0,0.00010171215460247499,0.010084902451703303,0.0,0.0,0.0,0.0,1.0,99.14467486281819,9828.332994267537
MSYS-ICONV-2.DLL,29495.0,6.780810306831667e-05,0.008234427971689886,0.0,0.0,0.0,0.0,1.0,121.43310874009295,14744.999728742292
MSYS-TERMCAP-0.DLL,29495.0,6.780810306831667e-05,0.008234427971689882,0.0,0.0,0.0,0.0,1.0,121.43310874009305,14744.999728742301
MSYS-PERL5_8.DLL,29495.0,3.3904051534158335e-05,0.005822718569032711,0.0,0.0,0.0,0.0,1.0,171.7410841936197,29494.999999999996
MSYS-CRYPTO-1.0.0.DLL,29495.0,3.3904051534158335e-05,0.005822718569032711,0.0,0.0,0.0,0.0,1.0,171.7410841936197,29494.99999999999
MSYS-SSL-1.0.0.DLL,29495.0,3.3904051534158335e-05,0.005822718569032711,0.0,0.0,0.0,0.0,1.0,171.7410841936197,29494.99999999999
MSYS-MAGIC-1.DLL,29495.0,3.3904051534158335e-05,0.005822718569032711,0.0,0.0,0.0,0.0,1.0,171.7410841936197,29494.99999999999
MVM.DLL,29495.0,3.3904051534158335e-05,0.005822718569032711,0.0,0.0,0.0,0.0,1.0,171.7410841936197,29494.999999999996
OEMUNINSTALL.DLL,29495.0,3.3904051534158335e-05,0.005822718569032711,0.0,0.0,0.0,0.0,1.0,171.74108419361968,29494.99999999999
PERL516.DLL,29495.0,3.3904051534158335e-05,0.005822718569032711,0.0,0.0,0.0,0.0,1.0,171.7410841936197,29494.999999999996
PHP5TS.DLL,29495.0,0.00013561620613663334,0.01164484486167274,0.0,0.0,0.0,0.0,1.0,85.8574393881986,7369.999643990221
PYTHON27.DLL,29495.0,3.3904051534158335e-05,0.005822718569032711,0.0,0.0,0.0,0.0,1.0,171.74108419361974,29494.999999999996
QT5DBUS.DLL,29495.0,6.780810306831667e-05,0.008234427971689884,0.0,0.0,0.0,0.0,1.0,121.433108740093,14744.999728742298
QT5DESIGNERCOMPONENTS.DLL,29495.0,3.3904051534158335e-05,0.005822718569032711,0.0,0.0,0.0,0.0,1.0,171.74108419361968,29494.99999999999
QT5DESIGNER.DLL,29495.0,3.3904051534158335e-05,0.005822718569032711,0.0,0.0,0.0,0.0,1.0,171.74108419361968,29494.99999999999
QT5XML.DLL,29495.0,0.00020342430920494998,0.014261480410337203,0.0,0.0,0.0,0.0,1.0,70.09517299261698,4911.666327637655
QT5NETWORK.DLL,29495.0,6.780810306831667e-05,0.008234427971689882,0.0,0.0,0.0,0.0,1.0,121.43310874009306,14744.999728742301
QT5QUICK.DLL,29495.0,6.780810306831667e-05,0.008234427971689884,0.0,0.0,0.0,0.0,1.0,121.433108740093,14744.999728742298
QT5QML.DLL,29495.0,6.780810306831667e-05,0.008234427971689884,0.0,0.0,0.0,0.0,1.0,121.433108740093,14744.999728742298
AVRT.DLL,29495.0,3.3904051534158335e-05,0.005822718569032711,0.0,0.0,0.0,0.0,1.0,171.74108419361974,29495.0
SENSAPI.DLL,29495.0,6.780810306831667e-05,0.008234427971689884,0.0,0.0,0.0,0.0,1.0,121.43310874009298,14744.999728742294
STATREPORT.DLL,29495.0,3.3904051534158335e-05,0.005822718569032711,0.0,0.0,0.0,0.0,1.0,171.74108419361974,29495.0
LUA51.DLL,29495.0,3.3904051534158335e-05,0.005822718569032711,0.0,0.0,0.0,0.0,1.0,171.74108419361974,29495.0
GALAXY.DLL,29495.0,3.3904051534158335e-05,0.005822718569032711,0.0,0.0,0.0,0.0,1.0,171.74108419361974,29495.0
TER32.DLL,29495.0,3.3904051534158335e-05,0.005822718569032711,0.0,0.0,0.0,0.0,1.0,171.7410841936197,29494.999999999996
TIER0.DLL,29495.0,0.00016952025767079165,0.013019111613205906,0.0,0.0,0.0,0.0,1.0,76.78932164470046,5894.999647393267
VSTDLIB.DLL,29495.0,0.00016952025767079165,0.013019111613205906,0.0,0.0,0.0,0.0,1.0,76.78932164470046,5894.999647393267
QTCORE4.DLL,29495.0,3.3904051534158335e-05,0.005822718569032711,0.0,0.0,0.0,0.0,1.0,171.74108419361974,29494.999999999996
QTGUI4.DLL,29495.0,3.3904051534158335e-05,0.005822718569032711,0.0,0.0,0.0,0.0,1.0,171.74108419361974,29494.999999999996
STEAM_API64.DLL,29495.0,3.3904051534158335e-05,0.005822718569032711,0.0,0.0,0.0,0.0,1.0,171.74108419361974,29494.999999999996
NVSMARTMAX.DLL,29495.0,3.3904051534158335e-05,0.005822718569032711,0.0,0.0,0.0,0.0,1.0,171.74108419361968,29494.99999999999
ESSCLI.DLL,29495.0,3.3904051534158335e-05,0.005822718569032711,0.0,0.0,0.0,0.0,1.0,171.74108419361974,29495.0
NVSMARTMAX64.DLL,29495.0,3.3904051534158335e-05,0.005822718569032711,0.0,0.0,0.0,0.0,1.0,171.74108419361968,29494.99999999998
SOURCECONTROL.DLL,29495.0,6.780810306831667e-05,0.008234427971689884,0.0,0.0,0.0,0.0,1.0,121.43310874009299,14744.999728742294
ZLIBWAPI.DLL,29495.0,6.780810306831667e-05,0.008234427971689884,0.0,0.0,0.0,0.0,1.0,121.433108740093,14744.999728742298
WTLI.DLL,29495.0,3.3904051534158335e-05,0.005822718569032711,0.0,0.0,0.0,0.0,1.0,171.7410841936197,29494.99999999999
CPFE.DLL,29495.0,3.3904051534158335e-05,0.005822718569032711,0.0,0.0,0.0,0.0,1.0,171.74108419361974,29495.0
JXBROWSER-CHROMIUM-LIB.DLL,29495.0,3.3904051534158335e-05,0.005822718569032711,0.0,0.0,0.0,0.0,1.0,171.74108419361968,29494.99999999998
APPHELP.DLL,29495.0,0.00010171215460247499,0.010084902451703303,0.0,0.0,0.0,0.0,1.0,99.14467486281819,9828.33299426754
API-MS-WIN-CORE-LOCALIZATION-L1-2-2.DLL,29495.0,3.3904051534158335e-05,0.005822718569032711,0.0,0.0,0.0,0.0,1.0,171.74108419361968,29494.99999999998
API-MS-WIN-CORE-LOCALIZATION-PRIVATE-L1-1-0.DLL,29495.0,3.3904051534158335e-05,0.005822718569032711,0.0,0.0,0.0,0.0,1.0,171.74108419361968,29494.99999999998
APPXALLUSERSTORE.DLL,29495.0,3.3904051534158335e-05,0.005822718569032711,0.0,0.0,0.0,0.0,1.0,171.74108419361968,29494.99999999998
MSVCDIS110.DLL,29495.0,3.3904051534158335e-05,0.005822718569032711,0.0,0.0,0.0,0.0,1.0,171.7410841936197,29494.99999999999
PERL524.DLL,29495.0,3.3904051534158335e-05,0.005822718569032711,0.0,0.0,0.0,0.0,1.0,171.7410841936197,29494.99999999999
LIBJASPER-4.DLL,29495.0,3.3904051534158335e-05,0.005822718569032711,0.0,0.0,0.0,0.0,1.0,171.7410841936197,29494.99999999999
TAPI32.DLL,29495.0,6.780810306831667e-05,0.008234427971689886,0.0,0.0,0.0,0.0,1.0,121.43310874009298,14744.999728742292
APPOBJ.DLL,29495.0,3.3904051534158335e-05,0.005822718569032711,0.0,0.0,0.0,0.0,1.0,171.7410841936197,29494.99999999999
ICUTU57.DLL,29495.0,3.3904051534158335e-05,0.005822718569032711,0.0,0.0,0.0,0.0,1.0,171.7410841936197,29494.99999999999
ICUIN57.DLL,29495.0,3.3904051534158335e-05,0.005822718569032711,0.0,0.0,0.0,0.0,1.0,171.7410841936197,29494.99999999999
ICUUC57.DLL,29495.0,3.3904051534158335e-05,0.005822718569032711,0.0,0.0,0.0,0.0,1.0,171.7410841936197,29494.99999999999
CRYPTSP.DLL,29495.0,3.3904051534158335e-05,0.005822718569032711,0.0,0.0,0.0,0.0,1.0,171.74108419361974,29494.999999999996
WER.DLL,29495.0,3.3904051534158335e-05,0.005822718569032711,0.0,0.0,0.0,0.0,1.0,171.74108419361974,29494.999999999996
API-MS-WIN-CORE-FILE-L1-2-2.DLL,29495.0,3.3904051534158335e-05,0.005822718569032711,0.0,0.0,0.0,0.0,1.0,171.74108419361974,29494.999999999996
NVML.DLL,29495.0,3.3904051534158335e-05,0.005822718569032711,0.0,0.0,0.0,0.0,1.0,171.74108419361974,29494.999999999996
LIBPOPPLER-GLIB-8.DLL,29495.0,3.3904051534158335e-05,0.005822718569032711,0.0,0.0,0.0,0.0,1.0,171.74108419361974,29494.999999999996
API-MS-WIN-SECURITY-AUDIT-L1-1-1.DLL,29495.0,3.3904051534158335e-05,0.005822718569032711,0.0,0.0,0.0,0.0,1.0,171.74108419361974,29494.999999999996
API-MS-WIN-SECURITY-SDDLPARSECOND-L1-1-0.DLL,29495.0,3.3904051534158335e-05,0.005822718569032711,0.0,0.0,0.0,0.0,1.0,171.74108419361974,29494.999999999996
URL.DLL,29495.0,0.00142397016443465,0.03770929175483018,0.0,0.0,0.0,0.0,1.0,26.444932610493495,697.3817489025612
AVICAP32.DLL,29495.0,0.0002712324122732667,0.016467180661757674,0.0,0.0,0.0,0.0,1.0,60.698023032685924,3682.499703391882
BROWSEUI.DLL,29495.0,0.00010171215460247499,0.010084902451703305,0.0,0.0,0.0,0.0,1.0,99.14467486281816,9828.332994267532
DDRAW.DLL,29495.0,0.00016952025767079165,0.013019111613205904,0.0,0.0,0.0,0.0,1.0,76.7893216447005,5894.999647393271
ICMP.DLL,29495.0,0.00010171215460247499,0.010084902451703303,0.0,0.0,0.0,0.0,1.0,99.14467486281816,9828.332994267535
IPSECSNP.DLL,29495.0,3.3904051534158335e-05,0.005822718569032711,0.0,0.0,0.0,0.0,1.0,171.7410841936197,29494.99999999999
KBDIT.DLL,29495.0,3.3904051534158335e-05,0.005822718569032711,0.0,0.0,0.0,0.0,1.0,171.7410841936197,29494.99999999999
KBDKYR.DLL,29495.0,6.780810306831667e-05,0.008234427971689884,0.0,0.0,0.0,0.0,1.0,121.43310874009299,14744.99972874229
MSDMO.DLL,29495.0,3.3904051534158335e-05,0.005822718569032711,0.0,0.0,0.0,0.0,1.0,171.7410841936197,29494.99999999999
MSIDENT.DLL,29495.0,3.3904051534158335e-05,0.005822718569032711,0.0,0.0,0.0,0.0,1.0,171.7410841936197,29494.99999999999
MSPORTS.DLL,29495.0,3.3904051534158335e-05,0.005822718569032711,0.0,0.0,0.0,0.0,1.0,171.7410841936197,29494.99999999999
OCCACHE.DLL,29495.0,3.3904051534158335e-05,0.005822718569032711,0.0,0.0,0.0,0.0,1.0,171.7410841936197,29494.99999999999
PANMAP.DLL,29495.0,3.3904051534158335e-05,0.005822718569032711,0.0,0.0,0.0,0.0,1.0,171.7410841936197,29494.99999999999
ULIB.DLL,29495.0,6.780810306831667e-05,0.008234427971689884,0.0,0.0,0.0,0.0,1.0,121.43310874009299,14744.99972874229
WINSCARD.DLL,29495.0,0.00020342430920494998,0.014261480410337203,0.0,0.0,0.0,0.0,1.0,70.09517299261698,4911.666327637657
ACTXPRXY.DLL,29495.0,6.780810306831667e-05,0.008234427971689884,0.0,0.0,0.0,0.0,1.0,121.43310874009299,14744.999728742292
ADSNT.DLL,29495.0,3.3904051534158335e-05,0.005822718569032712,0.0,0.0,0.0,0.0,1.0,171.74108419361966,29494.999999999975
AVIFIL32.DLL,29495.0,0.00061027292761485,0.024696582220371386,0.0,0.0,0.0,0.0,1.0,40.444753657194774,1633.8888892930354
CATSRVPS.DLL,29495.0,3.3904051534158335e-05,0.005822718569032712,0.0,0.0,0.0,0.0,1.0,171.74108419361966,29494.999999999975
CERTCLI.DLL,29495.0,3.3904051534158335e-05,0.005822718569032712,0.0,0.0,0.0,0.0,1.0,171.74108419361966,29494.999999999975
CERTMGR.DLL,29495.0,3.3904051534158335e-05,0.005822718569032712,0.0,0.0,0.0,0.0,1.0,171.74108419361966,29494.999999999975
CONSOLE.DLL,29495.0,3.3904051534158335e-05,0.005822718569032712,0.0,0.0,0.0,0.0,1.0,171.74108419361966,29494.999999999975
D3DXOF.DLL,29495.0,3.3904051534158335e-05,0.005822718569032712,0.0,0.0,0.0,0.0,1.0,171.74108419361966,29494.999999999975
DBNETLIB.DLL,29495.0,3.3904051534158335e-05,0.005822718569032712,0.0,0.0,0.0,0.0,1.0,171.74108419361966,29494.999999999975
DBNMPNTW.DLL,29495.0,3.3904051534158335e-05,0.005822718569032712,0.0,0.0,0.0,0.0,1.0,171.74108419361966,29494.999999999975
FILEMGMT.DLL,29495.0,3.3904051534158335e-05,0.005822718569032712,0.0,0.0,0.0,0.0,1.0,171.74108419361966,29494.999999999975
IASACCT.DLL,29495.0,3.3904051534158335e-05,0.005822718569032712,0.0,0.0,0.0,0.0,1.0,171.74108419361966,29494.999999999975
IEPEERS.DLL,29495.0,3.3904051534158335e-05,0.005822718569032712,0.0,0.0,0.0,0.0,1.0,171.74108419361966,29494.999999999975
INETCOMM.DLL,29495.0,3.3904051534158335e-05,0.005822718569032712,0.0,0.0,0.0,0.0,1.0,171.74108419361966,29494.999999999975
INSENG.DLL,29495.0,3.3904051534158335e-05,0.005822718569032712,0.0,0.0,0.0,0.0,1.0,171.74108419361966,29494.999999999975
KBDAL.DLL,29495.0,3.3904051534158335e-05,0.005822718569032712,0.0,0.0,0.0,0.0,1.0,171.74108419361966,29494.999999999975
KBDFI.DLL,29495.0,6.780810306831667e-05,0.008234427971689884,0.0,0.0,0.0,0.0,1.0,121.433108740093,14744.999728742296
KBDIC.DLL,29495.0,3.3904051534158335e-05,0.005822718569032712,0.0,0.0,0.0,0.0,1.0,171.74108419361966,29494.999999999975
KBDNO.DLL,29495.0,3.3904051534158335e-05,0.005822718569032712,0.0,0.0,0.0,0.0,1.0,171.74108419361966,29494.999999999975
MIDIMAP.DLL,29495.0,3.3904051534158335e-05,0.005822718569032712,0.0,0.0,0.0,0.0,1.0,171.74108419361966,29494.999999999975
MSPATCHA.DLL,29495.0,3.3904051534158335e-05,0.005822718569032712,0.0,0.0,0.0,0.0,1.0,171.74108419361966,29494.999999999975
NTMARTA.DLL,29495.0,3.3904051534158335e-05,0.005822718569032712,0.0,0.0,0.0,0.0,1.0,171.74108419361966,29494.999999999975
SHDOCVW.DLL,29495.0,6.780810306831667e-05,0.008234427971689884,0.0,0.0,0.0,0.0,1.0,121.433108740093,14744.999728742296
WEBCLNT.DLL,29495.0,6.780810306831667e-05,0.008234427971689884,0.0,0.0,0.0,0.0,1.0,121.43310874009305,14744.999728742298
MFC42.DLL,29495.0,0.03522630954399051,0.184354465479647,0.0,0.0,0.0,0.0,1.0,5.042516402368093,23.428560309789056
MSVCP60.DLL,29495.0,0.0013900661129004916,0.037258299666769926,0.0,0.0,0.0,0.0,1.0,26.766854656996237,714.5129579925734
DWRITE.DLL,29495.0,3.3904051534158335e-05,0.005822718569032711,0.0,0.0,0.0,0.0,1.0,171.7410841936197,29494.99999999998
D2D1.DLL,29495.0,3.3904051534158335e-05,0.005822718569032711,0.0,0.0,0.0,0.0,1.0,171.7410841936197,29494.99999999998
MSCMS.DLL,29495.0,0.0007458891337514833,0.02730124637831581,0.0,0.0,0.0,0.0,1.0,36.57620313134962,1335.909220971505
XOLEHLP.DLL,29495.0,6.780810306831667e-05,0.008234427971689884,0.0,0.0,0.0,0.0,1.0,121.43310874009298,14744.999728742294
NTLANMAN.DLL,29495.0,6.780810306831667e-05,0.008234427971689884,0.0,0.0,0.0,0.0,1.0,121.43310874009298,14744.999728742294
MPRAPI.DLL,29495.0,6.780810306831667e-05,0.008234427971689882,0.0,0.0,0.0,0.0,1.0,121.43310874009305,14744.999728742305
DISPEX.DLL,29495.0,3.3904051534158335e-05,0.005822718569032711,0.0,0.0,0.0,0.0,1.0,171.74108419361974,29494.999999999996
IASSDO.DLL,29495.0,3.3904051534158335e-05,0.005822718569032711,0.0,0.0,0.0,0.0,1.0,171.74108419361974,29494.999999999996
ICM32.DLL,29495.0,0.00010171215460247499,0.010084902451703305,0.0,0.0,0.0,0.0,1.0,99.14467486281816,9828.33299426753
KBDLV1.DLL,29495.0,3.3904051534158335e-05,0.005822718569032711,0.0,0.0,0.0,0.0,1.0,171.74108419361974,29494.999999999996
ODBCCU32.DLL,29495.0,3.3904051534158335e-05,0.005822718569032711,0.0,0.0,0.0,0.0,1.0,171.74108419361974,29494.999999999996
SFC_OS.DLL,29495.0,3.3904051534158335e-05,0.005822718569032711,0.0,0.0,0.0,0.0,1.0,171.74108419361974,29494.999999999996
W32TOPL.DLL,29495.0,3.3904051534158335e-05,0.005822718569032711,0.0,0.0,0.0,0.0,1.0,171.74108419361974,29494.999999999996
KBDCAN.DLL,29495.0,3.3904051534158335e-05,0.005822718569032711,0.0,0.0,0.0,0.0,1.0,171.74108419361974,29495.0
KBDHE.DLL,29495.0,3.3904051534158335e-05,0.005822718569032711,0.0,0.0,0.0,0.0,1.0,171.74108419361974,29495.0
KBDYCL.DLL,29495.0,3.3904051534158335e-05,0.005822718569032711,0.0,0.0,0.0,0.0,1.0,171.74108419361974,29495.0
MSISIP.DLL,29495.0,3.3904051534158335e-05,0.005822718569032711,0.0,0.0,0.0,0.0,1.0,171.74108419361974,29495.0
SQLSRV32.DLL,29495.0,6.780810306831667e-05,0.008234427971689884,0.0,0.0,0.0,0.0,1.0,121.43310874009299,14744.999728742294
ACTIVEDS.DLL,29495.0,0.00016952025767079165,0.013019111613205906,0.0,0.0,0.0,0.0,1.0,76.78932164470046,5894.999647393268
HTTPAPI.DLL,29495.0,3.3904051534158335e-05,0.005822718569032711,0.0,0.0,0.0,0.0,1.0,171.74108419361974,29494.999999999996
SFC.DLL,29495.0,3.3904051534158335e-05,0.005822718569032711,0.0,0.0,0.0,0.0,1.0,171.74108419361974,29495.0
KTMW32.DLL,29495.0,0.00013561620613663334,0.01164484486167274,0.0,0.0,0.0,0.0,1.0,85.8574393881986,7369.9996439902225
COMSVCS.DLL,29495.0,3.3904051534158335e-05,0.005822718569032711,0.0,0.0,0.0,0.0,1.0,171.7410841936197,29494.99999999999
KBDIR.DLL,29495.0,3.3904051534158335e-05,0.005822718569032711,0.0,0.0,0.0,0.0,1.0,171.7410841936197,29494.99999999999
QUERY.DLL,29495.0,3.3904051534158335e-05,0.005822718569032711,0.0,0.0,0.0,0.0,1.0,171.7410841936197,29494.99999999999
WINRNR.DLL,29495.0,3.3904051534158335e-05,0.005822718569032711,0.0,0.0,0.0,0.0,1.0,171.7410841936197,29494.99999999999
MSVIDCTL.DLL,29495.0,3.3904051534158335e-05,0.005822718569032711,0.0,0.0,0.0,0.0,1.0,171.74108419361974,29494.999999999996
CDOSYS.DLL,29495.0,3.3904051534158335e-05,0.005822718569032711,0.0,0.0,0.0,0.0,1.0,171.74108419361968,29494.99999999998
DOCPROP.DLL,29495.0,3.3904051534158335e-05,0.005822718569032711,0.0,0.0,0.0,0.0,1.0,171.74108419361968,29494.99999999998
EFSADU.DLL,29495.0,3.3904051534158335e-05,0.005822718569032711,0.0,0.0,0.0,0.0,1.0,171.74108419361968,29494.99999999998
FONTSUB.DLL,29495.0,3.3904051534158335e-05,0.005822718569032711,0.0,0.0,0.0,0.0,1.0,171.74108419361968,29494.99999999998
ICMUI.DLL,29495.0,3.3904051534158335e-05,0.005822718569032711,0.0,0.0,0.0,0.0,1.0,171.74108419361968,29494.99999999998
KBDBE.DLL,29495.0,3.3904051534158335e-05,0.005822718569032711,0.0,0.0,0.0,0.0,1.0,171.74108419361968,29494.99999999998
KBDHE319.DLL,29495.0,3.3904051534158335e-05,0.005822718569032711,0.0,0.0,0.0,0.0,1.0,171.74108419361968,29494.99999999998
KBDLT1.DLL,29495.0,3.3904051534158335e-05,0.005822718569032711,0.0,0.0,0.0,0.0,1.0,171.74108419361968,29494.99999999998
KBDUSL.DLL,29495.0,3.3904051534158335e-05,0.005822718569032711,0.0,0.0,0.0,0.0,1.0,171.74108419361968,29494.99999999998
MSCTF.DLL,29495.0,3.3904051534158335e-05,0.005822718569032711,0.0,0.0,0.0,0.0,1.0,171.74108419361968,29494.99999999998
MSLS31.DLL,29495.0,3.3904051534158335e-05,0.005822718569032711,0.0,0.0,0.0,0.0,1.0,171.74108419361968,29494.99999999998
SHFOLDER.DLL,29495.0,0.0142397016443465,0.11847956982723457,0.0,0.0,0.0,0.0,1.0,8.20045582174304,65.25190028735152
THEMEUI.DLL,29495.0,3.3904051534158335e-05,0.005822718569032711,0.0,0.0,0.0,0.0,1.0,171.74108419361968,29494.99999999998
USP10.DLL,29495.0,0.00010171215460247499,0.010084902451703303,0.0,0.0,0.0,0.0,1.0,99.1446748628182,9828.33299426754
WSHIP6.DLL,29495.0,3.3904051534158335e-05,0.005822718569032711,0.0,0.0,0.0,0.0,1.0,171.74108419361968,29494.99999999998
ZIPFLDR.DLL,29495.0,3.3904051534158335e-05,0.005822718569032711,0.0,0.0,0.0,0.0,1.0,171.74108419361968,29494.99999999998
MSACM32.DLL,29495.0,0.000915409391422275,0.030242394511614788,0.0,0.0,0.0,0.0,1.0,33.00786481646906,1087.5928873484702
WEBSERVICES.DLL,29495.0,0.000305136463807425,0.017465786501104988,0.0,0.0,0.0,0.0,1.0,57.223732714596984,3272.77750662204
NORMALIZ.DLL,29495.0,0.00010171215460247499,0.010084902451703303,0.0,0.0,0.0,0.0,1.0,99.1446748628182,9828.332994267535
WSNMP32.DLL,29495.0,0.0007797931852856416,0.027914360574829,0.0,0.0,0.0,0.0,1.0,35.77040992554062,1277.6088584699714
MF.DLL,29495.0,3.3904051534158335e-05,0.005822718569032711,0.0,0.0,0.0,0.0,1.0,171.74108419361968,29494.99999999999
ADSLDPC.DLL,29495.0,6.780810306831667e-05,0.008234427971689884,0.0,0.0,0.0,0.0,1.0,121.43310874009305,14744.9997287423
MSIMTF.DLL,29495.0,3.3904051534158335e-05,0.005822718569032711,0.0,0.0,0.0,0.0,1.0,171.74108419361974,29494.999999999996
OLEPRN.DLL,29495.0,3.3904051534158335e-05,0.005822718569032711,0.0,0.0,0.0,0.0,1.0,171.74108419361974,29494.999999999996
PSTOREC.DLL,29495.0,3.3904051534158335e-05,0.005822718569032711,0.0,0.0,0.0,0.0,1.0,171.7410841936197,29494.99999999999
API-MS-WIN-CRT-MULTIBYTE-L1-1-0.DLL,29495.0,6.780810306831667e-05,0.008234427971689886,0.0,0.0,0.0,0.0,1.0,121.43310874009293,14744.999728742288
MSVFW32.DLL,29495.0,0.0005424648245465334,0.023284950909597972,0.0,0.0,0.0,0.0,1.0,42.902508721563954,1838.7499367447874
HHCTRL.OCX,29495.0,3.3904051534158335e-05,0.005822718569032711,0.0,0.0,0.0,0.0,1.0,171.74108419361974,29494.999999999996
GLU32.DLL,29495.0,0.00010171215460247499,0.010084902451703303,0.0,0.0,0.0,0.0,1.0,99.14467486281819,9828.332994267534
CLFSW32.DLL,29495.0,6.780810306831667e-05,0.008234427971689886,0.0,0.0,0.0,0.0,1.0,121.43310874009295,14744.999728742292
DHCPSAPI.DLL,29495.0,6.780810306831667e-05,0.008234427971689886,0.0,0.0,0.0,0.0,1.0,121.43310874009295,14744.999728742292
ISCSIDSC.DLL,29495.0,6.780810306831667e-05,0.008234427971689886,0.0,0.0,0.0,0.0,1.0,121.43310874009295,14744.999728742292
MSRATING.DLL,29495.0,6.780810306831667e-05,0.008234427971689886,0.0,0.0,0.0,0.0,1.0,121.43310874009295,14744.999728742292
RPCNS4.DLL,29495.0,6.780810306831667e-05,0.008234427971689886,0.0,0.0,0.0,0.0,1.0,121.43310874009295,14744.999728742292
RTM.DLL,29495.0,0.00023732836073910832,0.015403898232083426,0.0,0.0,0.0,0.0,1.0,64.89221810814884,4209.285394649505
WOW32.DLL,29495.0,6.780810306831667e-05,0.008234427971689886,0.0,0.0,0.0,0.0,1.0,121.43310874009295,14744.999728742292
API-MS-WIN-CORE-MEMORY-L1-1-0.DLL,29495.0,0.00040684861840989997,0.020166727084076377,0.0,0.0,0.0,0.0,1.0,49.54963966733607,2453.3331470255225
API-MS-WIN-CORE-CONSOLE-L3-2-0.DLL,29495.0,0.001118833700627225,0.0334308211627681,0.0,0.0,0.0,0.0,1.0,29.847606455718058,888.9398884585413
API-MS-WIN-CORE-LOCALIZATION-L1-2-0.DLL,29495.0,0.0018647228343787084,0.04314288758344072,0.0,0.0,0.0,0.0,1.0,23.09391350316558,531.3648717311678
API-MS-WIN-CORE-ERRORHANDLING-L1-1-0.DLL,29495.0,0.0022715714527886083,0.04760764916542531,0.0,0.0,0.0,0.0,1.0,20.91101701438223,435.3001494486527
API-MS-WIN-CORE-PROCESSTHREADS-L1-1-1.DLL,29495.0,0.0018647228343787084,0.04314288758344072,0.0,0.0,0.0,0.0,1.0,23.09391350316558,531.3648717311678
API-MS-WIN-CORE-INTERLOCKED-L1-1-0.DLL,29495.0,0.0018647228343787084,0.04314288758344072,0.0,0.0,0.0,0.0,1.0,23.09391350316558,531.3648717311678
API-MS-WIN-CORE-DEBUG-L1-1-0.DLL,29495.0,0.0018647228343787084,0.04314288758344072,0.0,0.0,0.0,0.0,1.0,23.09391350316558,531.3648717311678
API-MS-WIN-CORE-RTLSUPPORT-L1-1-0.DLL,29495.0,0.0015256823190371248,0.03903083732310801,0.0,0.0,0.0,0.0,1.0,25.544321093815935,650.5564531384988
API-MS-WIN-CORE-FILE-L1-1-0.DLL,29495.0,0.0015256823190371248,0.03903083732310801,0.0,0.0,0.0,0.0,1.0,25.544321093815935,650.5564531384988
API-MS-WIN-CORE-HEAP-L1-1-0.DLL,29495.0,0.0015256823190371248,0.03903083732310801,0.0,0.0,0.0,0.0,1.0,25.544321093815935,650.5564531384988
API-MS-WIN-NTUSER-SYSPARAMS-L1-1-0.DLL,29495.0,0.000711985082217325,0.026674000117531488,0.0,0.0,0.0,0.0,1.0,37.438844626729306,1399.7620021861135
ODBCCP32.DLL,29495.0,0.0002712324122732667,0.016467180661757678,0.0,0.0,0.0,0.0,1.0,60.6980230326859,3682.4997033918808
API-MS-WIN-CRT-ENVIRONMENT-L1-1-0.DLL,29495.0,3.3904051534158335e-05,0.005822718569032711,0.0,0.0,0.0,0.0,1.0,171.74108419361977,29494.999999999996
API-MS-WIN-CORE-MEMORY-L1-1-3.DLL,29495.0,0.00040684861840989997,0.020166727084076377,0.0,0.0,0.0,0.0,1.0,49.54963966733607,2453.333147025523
API-MS-WIN-CORE-DATETIME-L1-1-0.DLL,29495.0,0.00023732836073910832,0.015403898232083426,0.0,0.0,0.0,0.0,1.0,64.89221810814884,4209.285394649504
API-MS-WIN-CORE-PSAPI-ANSI-L1-1-0.DLL,29495.0,6.780810306831667e-05,0.008234427971689884,0.0,0.0,0.0,0.0,1.0,121.43310874009303,14744.9997287423
API-MS-WIN-CORE-FIBERS-L1-1-0.DLL,29495.0,0.00010171215460247499,0.010084902451703303,0.0,0.0,0.0,0.0,1.0,99.14467486281819,9828.332994267535
API-MS-WIN-CORE-FILE-L2-1-0.DLL,29495.0,0.00010171215460247499,0.010084902451703303,0.0,0.0,0.0,0.0,1.0,99.14467486281819,9828.332994267535
API-MS-WIN-CORE-SYSINFO-L1-2-0.DLL,29495.0,0.00010171215460247499,0.010084902451703303,0.0,0.0,0.0,0.0,1.0,99.14467486281819,9828.332994267535
DBGENG.DLL,29495.0,3.3904051534158335e-05,0.005822718569032712,0.0,0.0,0.0,0.0,1.0,171.74108419361968,29494.99999999997
D3D11.DLL,29495.0,3.3904051534158335e-05,0.005822718569032711,0.0,0.0,0.0,0.0,1.0,171.74108419361977,29494.999999999996
